NAME,2011,2012,2013,2014,2015,2016,2017,2018,2019,2020,2021
06390,1,1,1,1,1,1,1,-1,0,0,0
10001,1,1,1,1,1,1,1,1,1,1,1
10002,0,0,0,0,0,0,0,0,0,0,0
10003,1,1,1,1,1,1,1,1,1,1,1
10004,1,1,1,1,1,1,1,1,1,1,1
10005,1,1,1,1,1,1,1,1,1,1,1
10006,1,1,1,1,1,1,1,1,1,1,1
10007,1,1,1,1,1,1,1,1,1,1,1
10009,1,1,1,1,1,1,0,0,0,1,1
10010,1,1,1,1,1,1,1,1,1,1,1
10011,1,1,1,1,1,1,1,1,1,1,1
10012,1,1,1,1,1,1,1,1,1,1,1
10013,1,1,1,1,1,1,1,1,1,1,1
10014,1,1,1,1,1,1,1,1,1,1,1
10016,1,1,1,1,1,1,1,1,1,1,1
10017,1,1,1,1,1,1,1,1,1,1,1
10018,1,1,1,1,1,1,1,1,1,1,1
10019,1,1,1,1,1,1,1,1,1,1,1
10020,-1,-1,-1,-1,-1,-1,-1,-1,-1,-1,-1
10021,1,1,1,1,1,1,1,1,1,1,1
10022,1,1,1,1,1,1,1,1,1,1,1
10023,1,1,1,1,1,1,1,1,1,1,1
10024,1,1,1,1,1,1,1,1,1,1,1
10025,1,1,1,1,1,1,1,1,1,1,1
10026,0,0,0,0,0,0,0,0,0,0,0
10027,0,0,0,0,0,0,0,0,0,0,0
10028,1,1,1,1,1,1,1,1,1,1,1
10029,0,0,0,0,0,0,0,0,0,0,0
10030,0,0,0,0,0,0,0,0,0,0,0
10031,0,0,0,0,0,0,0,0,0,0,0
10032,0,0,0,0,0,0,0,0,0,0,0
10033,0,0,0,0,0,0,0,0,0,0,1
10034,0,0,0,0,0,0,0,0,0,0,0
10035,0,0,0,0,0,0,0,0,0,0,0
10036,1,1,1,1,1,1,1,1,1,1,1
10037,0,0,0,0,0,0,0,0,0,0,0
10038,1,1,1,1,1,1,1,1,1,1,1
10039,0,0,0,0,0,0,0,0,0,0,0
10040,0,0,0,0,0,0,0,0,0,0,0
10044,1,1,1,1,1,1,1,1,1,1,1
10065,1,1,1,1,1,1,1,1,1,1,1
10069,1,1,1,1,1,1,1,1,1,1,1
10075,1,1,1,1,1,1,1,1,1,1,1
10103,-1,-1,-1,-1,-1,-1,-1,-1,-1,-1,-1
10110,-1,-1,-1,-1,-1,-1,-1,-1,-1,-1,-1
10111,-1,-1,-1,-1,-1,-1,-1,-1,-1,-1,-1
10112,-1,-1,-1,-1,-1,-1,-1,-1,-1,-1,-1
10115,-1,-1,-1,-1,-1,-1,-1,-1,-1,-1,-1
10119,-1,-1,-1,-1,-1,-1,-1,-1,-1,-1,-1
10128,1,1,1,1,1,1,1,1,1,1,1
10152,-1,-1,-1,-1,-1,-1,-1,-1,-1,-1,-1
10153,-1,-1,-1,-1,-1,-1,-1,-1,-1,-1,-1
10154,-1,-1,-1,-1,-1,-1,-1,-1,-1,-1,-1
10162,1,1,1,1,1,1,1,1,1,1,1
10165,-1,-1,-1,-1,-1,-1,-1,-1,-1,-1,-1
10167,-1,-1,-1,-1,-1,-1,-1,-1,-1,-1,-1
10168,-1,-1,-1,-1,-1,-1,-1,-1,-1,-1,-1
10169,-1,-1,-1,-1,-1,-1,-1,-1,-1,-1,-1
10170,-1,-1,-1,-1,-1,-1,-1,-1,-1,-1,-1
10171,-1,-1,-1,-1,-1,-1,-1,-1,-1,-1,-1
10172,-1,-1,-1,-1,-1,-1,-1,-1,-1,-1,-1
10173,-1,-1,-1,-1,-1,-1,-1,-1,-1,-1,-1
10174,-1,-1,-1,-1,-1,-1,-1,-1,-1,-1,-1
10177,-1,-1,-1,-1,-1,-1,-1,-1,-1,-1,-1
10199,-1,-1,-1,-1,-1,-1,-1,-1,-1,-1,-1
10271,-1,-1,-1,-1,-1,-1,-1,-1,-1,-1,-1
10278,-1,-1,-1,-1,-1,-1,-1,-1,-1,-1,-1
10279,-1,-1,-1,-1,-1,-1,-1,-1,-1,-1,-1
10280,1,1,1,1,1,1,1,1,1,1,1
10282,1,1,1,1,1,1,1,1,1,1,1
10301,1,1,1,1,0,0,0,0,0,1,1
10302,1,1,1,1,0,0,1,1,0,1,1
10303,1,0,0,0,0,0,0,0,0,1,1
10304,1,1,1,1,0,0,0,0,0,0,0
10305,1,1,1,1,1,1,1,1,1,1,1
10306,1,1,1,1,1,1,1,1,1,1,1
10307,1,1,1,1,1,1,1,1,1,1,1
10308,1,1,1,1,1,1,1,1,1,1,1
10309,1,1,1,1,1,1,1,1,1,1,1
10310,1,1,1,1,1,1,1,1,1,1,1
10311,-1,-1,-1,-1,-1,-1,-1,-1,-1,-1,-1
10312,1,1,1,1,1,1,1,1,1,1,1
10314,1,1,1,1,1,1,1,1,1,1,1
10451,0,0,0,0,0,0,0,0,0,0,0
10452,0,0,0,0,0,0,0,0,0,0,0
10453,0,0,0,0,0,0,0,0,0,0,0
10454,0,0,0,0,0,0,0,0,0,0,0
10455,0,0,0,0,0,0,0,0,0,0,0
10456,0,0,0,0,0,0,0,0,0,0,0
10457,0,0,0,0,0,0,0,0,0,0,0
10458,0,0,0,0,0,0,0,0,0,0,0
10459,0,0,0,0,0,0,0,0,0,0,0
10460,0,0,0,0,0,0,0,0,0,0,0
10461,1,0,1,0,0,0,0,0,0,0,0
10462,0,0,0,0,0,0,0,0,0,0,0
10463,1,1,1,1,1,0,0,0,0,0,0
10464,1,1,1,1,1,1,1,1,1,1,1
10465,1,1,1,1,1,1,1,1,1,1,1
10466,0,0,0,0,0,0,0,0,0,0,0
10467,0,0,0,0,0,0,0,0,0,0,0
10468,0,0,0,0,0,0,0,0,0,0,0
10469,1,1,1,1,1,0,1,0,0,1,1
10470,1,1,1,1,1,0,0,0,0,0,1
10471,1,1,1,1,1,1,1,1,1,1,1
10472,0,0,0,0,0,0,0,0,0,0,0
10473,0,0,0,0,0,0,0,0,0,0,0
10474,0,0,0,0,0,0,0,0,0,0,0
10475,0,0,0,0,0,0,0,0,0,0,0
10501,1,1,1,1,1,1,1,1,1,1,1
10502,1,1,1,1,1,1,1,1,1,1,1
10503,1,1,1,1,-1,-1,-1,-1,1,-1,1
10504,1,1,1,1,1,1,1,1,1,1,1
10505,1,1,1,1,1,1,-1,-1,1,1,1
10506,1,1,1,1,1,1,1,1,1,1,1
10507,1,1,1,1,1,1,0,1,1,1,1
10509,1,1,1,1,1,1,1,1,1,1,1
10510,1,1,1,1,1,1,1,1,1,1,1
10511,1,1,1,1,1,1,1,1,1,1,1
10512,1,1,1,1,1,1,1,1,1,1,1
10514,1,1,1,1,1,1,1,1,1,1,1
10516,1,1,1,1,1,1,1,1,1,1,1
10517,1,1,1,1,1,1,1,1,1,1,1
10518,1,1,1,1,1,1,1,1,1,1,-1
10519,1,1,1,1,-1,-1,-1,1,1,1,-1
10520,1,1,1,1,1,1,1,1,1,1,1
10522,1,1,1,1,1,1,1,1,1,1,1
10523,1,1,1,1,1,1,1,1,1,1,1
10524,1,1,1,1,1,1,1,1,1,1,1
10526,1,1,1,1,1,1,1,1,1,1,1
10527,1,1,1,1,1,1,1,1,1,1,1
10528,1,1,1,1,1,1,1,1,1,1,1
10530,1,1,1,1,1,1,1,1,1,1,1
10532,1,1,1,1,1,1,1,1,1,1,1
10533,1,1,1,1,1,1,1,1,1,1,1
10535,1,1,1,1,0,1,1,-1,-1,1,1
10536,1,1,1,1,1,1,1,1,1,1,1
10537,1,1,1,1,1,1,1,1,1,1,1
10538,1,1,1,1,1,1,1,1,1,1,1
10541,1,1,1,1,1,1,1,1,1,1,1
10543,1,1,1,1,1,1,1,1,1,1,1
10545,-1,-1,-1,-1,-1,-1,-1,-1,-1,-1,-1
10546,1,1,1,1,1,1,1,1,1,1,1
10547,1,1,1,1,1,1,1,1,1,1,1
10548,1,1,1,1,1,1,1,1,1,1,1
10549,1,1,1,1,1,1,1,1,1,1,1
10550,0,0,0,0,0,0,0,0,0,0,0
10552,1,1,1,1,1,1,1,1,1,1,1
10553,1,1,1,1,1,1,1,1,1,1,1
10560,1,1,1,1,1,1,1,1,1,1,1
10562,1,1,1,1,1,1,1,1,1,1,1
10566,1,1,1,0,0,0,0,0,0,0,1
10567,1,1,1,1,1,1,1,1,1,1,1
10570,1,1,1,1,1,1,1,1,1,1,1
10573,1,1,1,1,1,1,1,1,1,1,1
10576,1,1,1,1,1,1,1,1,1,1,1
10577,1,1,1,1,1,1,1,1,1,1,1
10578,1,1,1,1,1,1,1,1,1,1,1
10579,1,1,1,1,1,1,1,1,1,1,1
10580,1,1,1,1,1,1,1,1,1,1,1
10583,1,1,1,1,1,1,1,1,1,1,1
10588,1,1,1,1,1,1,1,1,1,1,1
10589,1,1,1,1,1,1,1,1,1,1,1
10590,1,1,1,1,1,1,1,1,1,1,1
10591,1,1,1,1,1,1,1,1,1,1,1
10594,1,1,1,1,1,1,1,1,1,1,1
10595,1,1,1,1,1,1,1,1,1,1,1
10596,1,1,0,1,0,1,1,1,1,1,1
10597,1,1,1,1,1,1,1,1,1,1,1
10598,1,1,1,1,1,1,1,1,1,1,1
10601,1,1,1,1,1,1,1,1,1,1,1
10603,1,1,1,1,1,1,1,1,1,1,1
10604,1,1,1,1,1,1,1,1,1,1,1
10605,1,1,1,1,1,1,1,1,1,1,1
10606,1,1,1,1,1,1,1,1,1,1,1
10607,1,1,1,1,1,1,1,1,1,1,1
10701,0,0,0,0,0,0,0,0,0,0,0
10703,1,1,1,1,1,1,0,1,0,1,1
10704,1,1,1,1,1,1,1,1,1,1,1
10705,0,0,0,0,0,0,0,0,0,0,0
10706,1,1,1,1,1,1,1,1,1,1,1
10707,1,1,1,1,1,1,1,1,1,1,1
10708,1,1,1,1,1,1,1,1,1,1,1
10709,1,1,1,1,1,1,1,1,1,1,1
10710,1,1,1,1,1,1,1,1,1,1,1
10801,1,1,1,1,1,0,0,1,0,1,1
10803,1,1,1,1,1,1,1,1,1,1,1
10804,1,1,1,1,1,1,1,1,1,1,1
10805,1,1,1,1,1,1,1,1,1,1,1
10901,1,1,1,1,1,1,1,1,1,1,1
10910,-1,-1,-1,-1,-1,-1,-1,-1,-1,-1,-1
10911,-1,-1,-1,-1,-1,-1,-1,-1,-1,-1,-1
10913,1,1,1,1,1,1,1,1,1,1,1
10914,1,1,1,1,1,1,1,1,1,-1,1
10915,0,0,-1,-1,-1,-1,-1,-1,-1,-1,-1
10916,1,1,1,1,1,1,1,1,1,1,1
10917,1,1,1,1,1,1,1,1,1,1,1
10918,1,1,1,1,1,1,1,1,1,1,1
10919,1,1,1,1,1,1,1,1,1,1,1
10920,1,1,1,1,1,1,1,1,1,1,1
10921,1,1,1,1,1,1,1,1,1,1,1
10922,1,1,1,1,1,1,1,1,1,1,1
10923,1,1,1,1,1,1,1,1,1,1,1
10924,1,1,1,1,1,1,1,1,1,1,1
10925,1,1,1,1,1,1,1,1,1,1,1
10926,1,1,1,1,1,1,1,1,1,1,1
10927,1,1,1,1,1,0,0,0,0,0,1
10928,1,1,1,1,1,1,1,1,1,1,1
10930,1,1,1,1,1,1,1,1,1,1,1
10931,1,1,1,1,1,1,1,1,1,1,1
10932,-1,1,-1,-1,-1,-1,-1,-1,-1,-1,-1
10933,1,1,1,1,1,1,1,1,1,1,-1
10940,1,1,1,1,1,0,0,0,0,1,1
10941,1,1,1,1,1,1,1,1,1,1,1
10950,1,1,1,1,1,1,1,1,1,1,1
10952,1,1,1,1,0,0,0,0,0,0,0
10953,0,1,1,1,1,1,-1,-1,-1,-1,-1
10954,1,1,1,1,1,1,1,1,1,1,1
10956,1,1,1,1,1,1,1,1,1,1,1
10958,1,1,1,1,1,1,1,1,1,1,1
10960,1,1,1,1,1,1,1,1,1,1,1
10962,1,1,1,1,1,1,1,1,1,1,1
10963,1,1,1,1,1,1,1,1,1,1,1
10964,1,1,1,1,1,1,1,1,1,1,1
10965,1,1,1,1,1,1,1,1,1,1,1
10968,1,1,1,1,1,1,1,1,1,1,1
10969,1,1,1,1,1,1,1,1,1,1,1
10970,1,1,1,1,1,1,1,1,1,1,1
10973,1,1,1,1,1,1,1,1,1,1,1
10974,1,1,1,1,1,1,1,1,1,1,1
10975,1,1,1,1,-1,-1,-1,-1,1,-1,1
10976,0,0,0,0,0,1,0,1,0,0,0
10977,1,1,1,1,1,0,0,0,0,0,0
10979,1,1,1,1,1,1,1,-1,-1,-1,-1
10980,1,1,1,1,1,1,1,1,1,1,1
10983,1,1,1,1,1,1,1,1,1,1,1
10984,1,1,1,1,1,1,1,1,1,1,1
10985,-1,1,-1,-1,-1,-1,1,1,1,1,-1
10986,1,1,1,1,1,1,1,1,1,1,1
10987,1,1,1,1,1,1,1,1,1,1,1
10988,1,1,1,1,1,1,1,1,1,1,1
10989,1,1,1,1,1,1,1,1,1,1,1
10990,1,1,1,1,1,1,1,1,1,1,1
10992,1,1,1,1,1,1,1,1,1,1,1
10993,1,1,1,1,1,0,0,0,0,0,0
10994,1,1,1,1,1,1,1,1,1,1,1
10996,1,1,1,1,1,1,1,1,1,1,1
10998,1,1,1,1,1,1,1,1,1,1,1
11001,1,1,1,1,1,1,1,1,1,1,1
11003,1,1,1,1,1,1,1,1,1,1,1
11004,1,1,1,1,1,1,1,1,1,1,1
11005,1,1,1,1,1,1,0,0,0,1,0
11010,1,1,1,1,1,1,1,1,1,1,1
11020,1,1,1,1,1,1,1,1,1,1,1
11021,1,1,1,1,1,1,1,1,1,1,1
11023,1,1,1,1,1,1,1,1,1,1,1
11024,1,1,1,1,1,1,1,1,1,1,1
11030,1,1,1,1,1,1,1,1,1,1,1
11040,1,1,1,1,1,1,1,1,1,1,1
11042,-1,-1,-1,-1,-1,-1,-1,-1,-1,-1,-1
11050,1,1,1,1,1,1,1,1,1,1,1
11096,1,1,0,1,0,0,0,0,0,0,1
11101,0,0,0,0,0,0,0,1,1,1,1
11102,0,0,0,0,0,0,0,1,1,1,1
11103,1,1,1,1,1,1,1,1,1,1,1
11104,1,1,1,1,0,0,1,0,0,1,1
11105,1,1,1,1,1,1,1,1,1,1,1
11106,0,0,0,0,0,0,0,0,0,1,1
11109,1,1,1,1,1,1,1,1,1,1,1
11201,1,1,1,1,1,1,1,1,1,1,1
11203,0,0,0,0,0,0,0,0,0,0,0
11204,0,0,0,0,0,0,0,0,0,0,0
11205,0,0,0,0,0,0,0,0,0,0,1
11206,0,0,0,0,0,0,0,0,0,0,0
11207,0,0,0,0,0,0,0,0,0,0,0
11208,0,0,0,0,0,0,0,0,0,0,0
11209,1,1,1,1,1,1,1,1,1,1,1
11210,1,1,1,1,1,1,1,1,0,1,1
11211,0,0,0,0,0,1,1,1,1,1,1
11212,0,0,0,0,0,0,0,0,0,0,0
11213,0,0,0,0,0,0,0,0,0,0,0
11214,0,0,0,0,0,0,0,0,0,0,0
11215,1,1,1,1,1,1,1,1,1,1,1
11216,0,0,0,0,0,0,0,0,0,1,1
11217,1,1,1,1,1,1,1,1,1,1,1
11218,1,1,1,1,1,1,1,1,1,1,1
11219,0,0,0,0,0,0,0,0,0,0,0
11220,0,0,0,0,0,0,0,0,0,0,0
11221,0,0,0,0,0,0,0,0,0,0,0
11222,1,1,1,1,1,1,1,1,1,1,1
11223,0,0,0,0,0,0,0,0,0,0,0
11224,0,0,0,0,0,0,0,0,0,0,0
11225,0,0,0,0,0,0,0,0,0,0,1
11226,0,0,0,0,0,0,0,0,0,0,0
11228,1,1,1,1,1,1,1,1,1,1,1
11229,0,0,0,0,0,0,0,0,0,0,1
11230,0,0,0,0,0,0,0,0,0,0,0
11231,1,1,1,1,1,1,1,1,1,1,1
11232,0,0,0,0,0,0,0,0,0,1,1
11233,0,0,0,0,0,0,0,0,0,0,0
11234,1,1,1,1,1,1,1,1,1,1,1
11235,0,0,0,0,0,0,0,0,0,0,0
11236,1,1,1,1,1,1,1,1,1,1,1
11237,0,0,0,0,0,0,0,0,0,0,0
11238,1,1,1,1,1,1,1,1,1,1,1
11239,0,0,0,0,0,0,0,0,0,0,0
11354,0,0,0,0,0,0,0,0,0,0,0
11355,0,0,0,0,0,0,0,0,0,0,0
11356,1,1,1,1,1,0,0,0,0,0,1
11357,1,1,1,1,1,1,1,1,1,1,1
11358,1,1,1,1,1,1,1,1,0,1,1
11359,-1,-1,-1,-1,-1,-1,-1,-1,-1,-1,-1
11360,1,1,1,1,1,1,1,1,1,1,1
11361,1,1,1,1,1,1,1,1,1,1,1
11362,1,1,1,1,1,1,1,1,1,1,1
11363,1,1,1,1,1,1,1,1,1,1,1
11364,1,1,1,1,1,1,1,1,1,1,1
11365,1,1,1,1,1,1,1,1,0,1,1
11366,1,1,1,1,1,1,1,1,1,1,1
11367,1,1,1,1,1,0,0,0,0,0,1
11368,0,0,0,0,0,0,0,0,0,0,0
11369,1,1,1,1,0,0,0,0,0,0,0
11370,1,1,1,1,0,0,0,1,0,1,0
11371,-1,-1,-1,-1,-1,-1,-1,-1,-1,-1,-1
11372,0,0,0,0,0,0,0,0,0,0,0
11373,0,0,0,0,0,0,0,0,0,0,0
11374,1,1,1,0,0,0,0,0,0,1,1
11375,1,1,1,1,1,1,1,1,1,1,1
11377,0,0,0,0,0,0,0,0,0,0,0
11378,1,1,1,1,1,1,1,1,1,1,1
11379,1,1,1,1,1,1,1,1,1,1,1
11385,1,1,0,1,0,1,1,1,1,1,1
11411,1,1,1,1,1,1,1,1,1,1,1
11412,1,1,1,1,1,1,1,1,1,1,1
11413,1,1,1,1,1,1,1,1,1,1,1
11414,1,1,1,1,1,1,1,1,1,1,1
11415,1,1,1,1,1,1,1,1,1,1,1
11416,1,1,1,1,1,1,1,1,1,1,1
11417,1,1,1,1,1,1,1,1,1,1,1
11418,1,1,1,1,1,1,1,1,0,1,1
11419,1,1,1,1,1,1,1,1,1,1,1
11420,1,1,1,1,1,1,1,1,1,1,1
11421,1,1,1,1,1,1,1,1,1,1,1
11422,1,1,1,1,1,1,1,1,1,1,1
11423,1,1,1,1,1,1,1,1,1,1,1
11424,-1,-1,-1,-1,-1,-1,-1,-1,-1,-1,-1
11426,1,1,1,1,1,1,1,1,1,1,1
11427,1,1,1,1,1,1,1,1,1,1,1
11428,1,1,1,1,1,1,1,1,1,1,1
11429,1,1,1,1,1,1,1,1,1,1,1
11430,-1,-1,-1,-1,-1,-1,-1,-1,-1,-1,-1
11432,1,0,0,0,0,0,0,0,0,0,0
11433,0,0,0,0,0,0,0,0,0,0,1
11434,1,1,1,1,1,0,0,0,0,0,0
11435,1,1,1,0,0,0,0,1,0,1,1
11436,1,1,1,1,1,1,1,1,1,1,1
11451,-1,-1,-1,-1,-1,-1,-1,-1,-1,-1,-1
11501,1,1,1,1,1,1,1,1,1,1,1
11507,1,1,1,1,1,1,1,1,1,1,1
11509,1,1,1,1,1,1,1,1,1,1,1
11510,1,1,1,1,1,1,1,1,1,1,1
11514,1,1,1,1,1,1,1,1,1,1,1
11516,1,1,1,1,1,1,1,1,1,1,1
11518,1,1,1,1,1,1,1,1,1,1,1
11520,1,1,1,1,1,1,1,1,1,1,1
11530,1,1,1,1,1,1,1,1,1,1,1
11542,1,1,1,1,1,1,1,1,1,1,1
11545,1,1,1,1,1,1,1,1,1,1,1
11547,1,1,1,1,1,1,1,1,1,0,-1
11548,1,1,1,1,1,1,1,1,1,1,1
11549,-1,-1,-1,-1,-1,-1,-1,-1,-1,-1,-1
11550,1,1,1,1,1,0,0,1,0,1,1
11552,1,1,1,1,1,1,1,1,1,1,1
11553,1,1,1,1,1,1,1,1,1,1,1
11554,1,1,1,1,1,1,1,1,1,1,1
11556,-1,-1,-1,-1,-1,-1,-1,-1,-1,-1,-1
11557,1,1,1,1,1,1,1,1,1,1,1
11558,1,1,1,1,1,1,1,1,1,1,1
11559,1,1,1,1,1,1,1,1,1,1,1
11560,1,1,1,1,1,1,1,1,1,1,1
11561,1,1,1,1,1,1,1,1,1,1,1
11563,1,1,1,1,1,1,1,1,1,1,1
11565,1,1,1,1,1,1,1,1,1,1,1
11566,1,1,1,1,1,1,1,1,1,1,1
11568,1,1,1,1,1,1,1,1,1,1,1
11569,1,1,1,1,1,1,1,1,1,-1,-1
11570,1,1,1,1,1,1,1,1,1,1,1
11572,1,1,1,1,1,1,1,1,1,1,1
11575,1,1,1,1,1,1,1,1,1,1,1
11576,1,1,1,1,1,1,1,1,1,1,1
11577,1,1,1,1,1,1,1,1,1,1,1
11579,1,1,1,1,1,1,1,1,1,1,1
11580,1,1,1,1,1,1,1,1,1,1,1
11581,1,1,1,1,1,1,1,1,1,1,1
11590,1,1,1,1,1,1,1,1,1,1,1
11596,1,1,1,1,1,1,1,1,1,1,1
11598,1,1,1,1,1,1,1,1,1,1,1
11691,0,0,0,0,0,0,0,0,0,0,0
11692,0,0,0,0,0,0,0,0,0,0,0
11693,1,0,0,0,0,0,0,0,0,0,0
11694,1,1,1,1,1,1,1,1,1,1,1
11697,1,1,1,1,1,1,1,1,1,1,1
11701,1,1,1,1,1,1,1,1,1,1,1
11702,1,1,1,1,1,1,1,1,1,1,1
11703,1,1,1,1,1,1,1,1,1,1,1
11704,1,1,1,1,1,1,1,1,1,1,1
11705,1,1,1,1,1,1,1,1,1,1,1
11706,1,1,1,1,1,1,1,1,1,1,1
11709,1,1,1,1,1,1,1,1,1,1,1
11710,1,1,1,1,1,1,1,1,1,1,1
11713,1,1,1,1,1,1,1,1,1,1,1
11714,1,1,1,1,1,1,1,1,1,1,1
11715,1,1,1,1,1,1,1,1,1,1,1
11716,1,1,1,1,1,1,1,1,1,1,1
11717,1,1,1,1,1,1,1,1,1,1,1
11718,1,1,1,1,1,1,1,1,1,1,1
11719,1,1,1,1,1,1,1,1,0,1,1
11720,1,1,1,1,1,1,1,1,1,1,1
11721,1,1,1,1,1,1,1,1,1,1,1
11722,1,1,1,1,1,1,1,1,1,1,1
11724,1,1,1,1,1,1,1,1,1,1,1
11725,1,1,1,1,1,1,1,1,1,1,1
11726,1,1,1,1,1,1,1,1,1,1,1
11727,1,1,1,1,1,1,1,1,1,1,1
11729,1,1,1,1,1,1,1,1,1,1,1
11730,1,1,1,1,1,1,1,1,1,1,1
11731,1,1,1,1,1,1,1,1,1,1,1
11732,1,1,1,1,1,1,1,1,1,1,1
11733,1,1,1,1,1,1,1,1,1,1,1
11735,1,1,1,1,1,1,1,1,1,1,1
11738,1,1,1,1,1,1,1,1,1,1,1
11739,1,1,1,1,1,1,1,1,1,1,1
11740,1,1,1,1,1,1,1,1,1,1,1
11741,1,1,1,1,1,1,1,1,1,1,1
11742,1,1,1,1,1,1,1,1,1,1,1
11743,1,1,1,1,1,1,1,1,1,1,1
11746,1,1,1,1,1,1,1,1,1,1,1
11747,1,1,1,1,1,1,1,1,1,1,1
11749,1,1,1,1,1,1,1,1,1,1,1
11751,1,1,1,1,1,1,1,1,1,1,1
11752,1,1,1,1,1,1,1,1,1,1,1
11753,1,1,1,1,1,1,1,1,1,1,1
11754,1,1,1,1,1,1,1,1,1,1,1
11755,1,1,1,1,1,1,1,1,1,1,1
11756,1,1,1,1,1,1,1,1,1,1,1
11757,1,1,1,1,1,1,1,1,1,1,1
11758,1,1,1,1,1,1,1,1,1,1,1
11762,1,1,1,1,1,1,1,1,1,1,1
11763,1,1,1,1,1,1,1,1,1,1,1
11764,1,1,1,1,1,1,1,1,1,1,1
11765,1,1,1,1,1,1,1,1,1,1,1
11766,1,1,1,1,1,1,1,1,1,1,1
11767,1,1,1,1,1,1,1,1,1,1,1
11768,1,1,1,1,1,1,1,1,1,1,1
11769,1,1,1,1,1,1,1,1,1,1,1
11770,1,1,1,1,1,-1,1,1,-1,-1,1
11771,1,1,1,1,1,1,1,1,1,1,1
11772,1,1,1,1,1,1,1,1,1,1,1
11776,1,1,1,1,1,1,1,1,1,1,1
11777,1,1,1,1,1,1,1,1,1,1,1
11778,1,1,1,1,1,1,1,1,1,1,1
11779,1,1,1,1,1,1,1,1,1,1,1
11780,1,1,1,1,1,1,1,1,1,1,1
11782,1,1,1,1,1,1,1,1,1,1,1
11783,1,1,1,1,1,1,1,1,1,1,1
11784,1,1,1,1,1,1,1,1,1,1,1
11786,1,1,1,1,1,1,1,1,1,1,1
11787,1,1,1,1,1,1,1,1,1,1,1
11788,1,1,1,1,1,1,1,1,1,1,1
11789,1,1,1,1,1,1,1,1,1,1,1
11790,1,1,1,1,1,1,1,1,1,1,1
11791,1,1,1,1,1,1,1,1,1,1,1
11792,1,1,1,1,1,1,1,1,1,1,1
11793,1,1,1,1,1,1,1,1,1,1,1
11794,-1,-1,-1,-1,-1,-1,-1,-1,-1,-1,-1
11795,1,1,1,1,1,1,1,1,1,1,1
11796,1,1,1,1,1,1,1,1,1,1,1
11797,1,1,1,1,1,1,1,1,1,1,1
11798,1,1,1,1,1,1,1,1,1,1,1
11801,1,1,1,1,1,1,1,1,1,1,1
11803,1,1,1,1,1,1,1,1,1,1,1
11804,1,1,1,1,1,1,1,1,1,1,1
11901,1,1,0,1,0,0,0,0,0,1,1
11930,1,1,1,1,1,1,1,1,1,1,1
11931,1,-1,-1,-1,-1,-1,-1,-1,-1,-1,-1
11932,1,1,1,1,1,1,1,1,1,1,1
11933,1,1,1,1,1,1,0,1,1,1,0
11934,1,1,1,1,1,1,1,1,1,1,1
11935,1,1,1,1,1,1,1,1,1,1,1
11937,1,1,1,1,1,1,1,1,1,1,1
11939,1,1,1,1,1,1,1,1,1,1,1
11940,1,1,1,1,1,1,1,1,1,1,1
11941,1,1,1,1,1,1,1,1,1,1,1
11942,1,1,1,1,1,1,1,1,1,1,1
11944,1,1,1,1,1,0,0,0,0,0,0
11946,1,1,1,1,1,1,1,1,1,1,1
11947,0,0,0,0,-1,-1,-1,-1,-1,-1,-1
11948,1,1,1,1,1,1,1,1,-1,1,1
11949,1,1,1,1,1,1,1,1,1,1,1
11950,1,1,1,1,1,1,1,1,1,1,1
11951,1,1,1,1,1,1,1,1,1,1,1
11952,1,1,1,1,1,1,1,1,1,1,1
11953,1,1,1,1,1,1,1,1,1,1,1
11954,1,1,1,1,1,1,1,1,1,1,1
11955,1,1,1,1,1,1,1,0,0,1,0
11956,1,0,1,1,-1,1,1,1,1,1,1
11957,1,1,1,1,1,1,1,1,1,1,1
11958,1,1,1,1,1,1,1,-1,1,1,1
11959,1,1,1,1,1,1,1,1,0,1,1
11960,1,1,1,1,1,1,1,1,1,1,1
11961,1,0,1,1,1,1,1,1,1,1,1
11962,1,1,1,1,1,-1,1,1,1,1,1
11963,1,1,1,1,1,1,1,1,1,1,1
11964,1,1,1,1,1,1,1,1,1,1,1
11965,1,1,1,1,1,1,1,1,1,1,1
11967,1,1,1,1,1,1,1,1,1,1,1
11968,1,1,1,1,1,1,1,1,1,1,1
11970,1,1,1,1,-1,-1,-1,-1,-1,0,-1
11971,1,1,1,1,1,1,1,1,1,1,1
11972,1,1,1,1,1,1,1,1,1,1,-1
11973,-1,-1,-1,-1,-1,-1,-1,-1,-1,-1,-1
11975,1,1,1,1,1,1,1,1,1,1,1
11976,1,1,1,1,1,1,1,1,1,1,1
11977,1,1,1,1,1,1,1,1,1,1,1
11978,1,1,1,1,1,1,1,1,1,1,1
11980,1,1,1,1,1,1,1,1,1,1,1
12007,1,1,1,-1,-1,-1,-1,-1,-1,-1,-1
12008,0,0,1,1,1,1,1,1,1,1,1
12009,1,1,1,1,1,1,1,1,1,1,1
12010,0,0,0,0,0,0,0,0,0,0,0
12015,1,1,1,1,1,0,0,0,0,1,1
12017,1,1,1,1,1,1,1,1,0,0,-1
12018,1,1,1,1,1,1,1,1,1,1,1
12019,1,1,1,1,1,1,1,1,1,1,1
12020,1,1,1,1,1,1,1,1,1,1,1
12022,1,1,1,1,0,0,0,0,0,1,1
12023,1,1,1,1,1,1,1,1,1,1,1
12024,-1,1,-1,-1,-1,-1,-1,-1,-1,-1,-1
12025,1,1,1,1,1,1,1,1,0,1,0
12027,1,1,1,1,1,1,1,1,1,1,1
12028,1,1,1,1,1,1,1,1,1,1,1
12029,1,1,1,1,1,1,1,1,1,1,1
12031,1,1,1,1,0,0,0,-1,0,0,0
12032,1,0,0,0,0,0,0,0,0,0,0
12033,1,1,1,1,1,1,1,1,1,1,1
12035,1,1,0,0,0,0,0,0,0,0,0
12036,0,0,0,0,0,0,0,0,0,0,0
12037,1,0,1,1,1,0,1,0,0,1,1
12040,1,1,1,0,0,0,0,0,-1,-1,1
12041,0,0,0,1,1,0,1,1,1,1,1
12042,1,1,1,0,-1,-1,0,0,1,1,1
12043,0,0,0,0,0,0,0,0,0,0,0
12045,1,0,0,0,0,0,0,0,0,0,1
12046,1,1,1,1,1,1,1,1,1,1,0
12047,0,0,0,0,0,0,0,0,0,0,0
12051,1,0,0,1,1,0,1,1,0,1,0
12052,1,1,1,1,1,1,1,1,1,1,1
12053,1,1,1,1,1,1,1,1,1,1,1
12054,1,1,1,1,1,1,1,1,1,1,1
12056,1,1,1,1,1,1,1,1,1,1,1
12057,0,0,1,1,0,0,0,0,0,1,1
12058,0,0,0,1,1,1,1,1,1,1,1
12059,1,1,1,1,1,1,1,1,1,1,1
12060,1,1,1,1,1,1,1,1,1,1,1
12061,1,1,1,1,1,1,1,1,1,1,1
12062,1,1,1,1,1,1,1,1,1,1,1
12063,1,1,1,1,1,1,1,1,-1,1,1
12064,1,1,0,0,1,1,0,0,0,0,0
12065,1,1,1,1,1,1,1,1,1,1,1
12066,1,1,1,1,1,1,1,1,0,1,1
12067,1,1,1,1,1,1,1,1,1,1,1
12068,1,0,0,0,0,0,0,0,0,0,0
12069,1,1,1,1,-1,-1,0,0,0,-1,-1
12070,1,1,1,1,1,1,1,0,0,0,0
12071,0,1,1,0,0,0,0,0,0,0,0
12072,1,1,1,0,0,0,0,0,0,1,1
12074,1,1,1,1,1,1,1,1,1,1,1
12075,1,1,1,1,1,1,1,1,1,1,1
12076,1,1,1,1,1,1,0,0,0,0,0
12077,1,1,1,1,1,1,1,1,1,1,1
12078,0,0,0,0,0,0,0,0,0,0,0
12083,0,1,0,1,1,1,1,1,1,1,1
12084,1,1,1,1,1,1,1,1,1,1,1
12085,0,1,0,1,0,0,0,0,0,0,0
12086,1,1,0,1,1,0,0,0,0,0,1
12087,0,1,0,1,1,1,1,1,0,0,1
12090,1,1,1,1,1,0,0,0,0,0,0
12092,0,1,0,0,0,0,0,0,0,0,0
12093,1,1,1,0,0,0,0,0,0,0,0
12094,1,1,1,1,1,1,1,1,1,1,1
12095,0,0,0,0,0,0,0,0,0,0,0
12106,1,1,1,1,1,1,1,1,1,1,1
12108,0,0,0,1,1,0,1,1,1,1,1
12110,1,1,1,1,1,1,1,1,1,1,1
12115,1,1,1,1,1,1,1,1,-1,-1,1
12116,0,0,0,0,0,0,0,0,0,0,1
12117,1,0,1,1,0,0,0,0,0,0,0
12118,1,1,1,1,1,1,1,1,1,1,1
12120,1,1,0,0,1,0,0,0,0,1,1
12121,1,1,1,1,1,1,1,1,1,1,1
12122,0,0,0,0,0,0,0,0,0,0,0
12123,1,1,1,1,1,1,1,1,1,1,1
12124,1,1,1,1,1,1,1,0,0,0,-1
12125,0,0,0,0,0,0,0,0,0,0,0
12130,1,1,1,1,1,1,-1,-1,-1,0,1
12131,0,0,0,0,1,1,0,0,0,0,0
12132,0,1,1,1,1,1,0,0,-1,1,1
12134,0,0,0,0,0,0,0,0,0,0,0
12136,1,1,1,1,1,1,1,1,1,1,1
12137,1,1,1,1,1,0,1,1,1,1,1
12138,1,1,1,1,1,1,0,0,0,1,0
12139,0,0,0,0,0,0,0,0,1,0,0
12140,1,1,1,1,1,1,1,1,1,1,1
12143,1,1,1,0,0,0,0,0,0,0,1
12144,1,1,1,1,1,1,1,1,1,1,1
12147,1,1,1,1,1,1,1,1,1,0,0
12148,1,1,1,1,1,1,1,1,1,1,1
12149,0,0,0,0,0,0,0,0,0,0,0
12150,1,1,1,1,1,1,1,1,1,1,1
12151,1,1,1,1,1,1,1,1,1,1,1
12153,1,1,1,1,1,1,1,1,1,1,1
12154,1,1,1,1,1,1,1,1,1,1,1
12155,0,0,0,0,0,0,0,0,0,0,0
12156,1,1,1,1,1,1,1,1,1,1,1
12157,1,1,1,1,0,0,0,0,1,0,0
12158,1,1,1,1,1,1,1,1,1,1,1
12159,1,1,1,1,1,1,1,1,1,1,1
12160,1,1,1,1,1,0,1,1,0,1,1
12161,1,1,1,0,-1,-1,1,1,-1,-1,-1
12164,1,1,1,1,1,1,1,1,1,1,0
12165,1,1,1,1,1,-1,-1,1,1,1,-1
12166,1,1,1,0,0,0,0,0,0,0,0
12167,0,0,0,0,0,0,0,0,0,0,0
12168,1,1,1,1,1,1,1,1,1,1,1
12169,1,0,0,0,0,0,1,1,1,-1,0
12170,1,1,1,1,1,1,1,1,1,1,1
12172,0,0,0,0,0,0,0,0,0,0,0
12173,1,1,1,1,1,1,1,1,1,1,1
12174,1,1,1,1,1,-1,-1,1,-1,0,-1
12175,0,1,0,1,0,0,0,0,0,1,1
12176,1,1,1,1,1,1,1,1,-1,-1,0
12177,0,1,1,1,1,1,0,0,1,1,1
12180,0,0,0,0,0,0,0,0,0,0,0
12182,0,0,0,0,0,0,0,0,0,0,0
12183,1,1,1,1,0,0,0,0,0,0,0
12184,1,1,1,1,1,1,1,1,1,1,1
12185,1,1,1,1,1,1,1,1,1,1,1
12186,1,1,1,1,1,1,1,1,1,1,1
12187,1,0,1,0,0,0,0,0,0,0,0
12188,1,1,1,1,1,1,1,1,1,1,1
12189,0,0,0,0,0,0,0,0,0,0,0
12190,0,0,0,0,0,0,0,0,0,1,0
12192,1,1,1,1,1,1,1,1,1,1,1
12193,1,1,1,1,1,1,1,1,0,0,0
12194,0,0,0,0,1,0,0,0,0,0,0
12195,1,0,0,0,-1,0,0,0,0,-1,1
12196,1,1,1,1,1,1,1,1,1,1,1
12197,0,0,0,0,0,0,0,0,0,1,1
12198,1,1,1,1,1,1,1,1,1,1,1
12202,0,0,0,0,0,0,0,0,0,0,0
12203,1,1,1,0,0,0,0,0,0,0,1
12204,0,0,0,0,0,0,0,0,0,0,0
12205,1,1,1,1,1,1,1,1,1,1,1
12206,0,0,0,0,0,0,0,0,0,0,0
12207,0,0,0,0,0,0,0,0,0,0,0
12208,1,1,1,1,1,0,0,0,0,0,0
12209,1,1,1,1,0,0,0,0,0,0,1
12210,0,0,0,0,0,0,0,0,0,0,0
12211,1,1,1,1,1,1,1,1,1,1,1
12222,-1,-1,-1,-1,-1,-1,-1,-1,-1,-1,-1
12302,1,1,1,1,1,1,1,1,1,1,1
12303,1,1,1,1,1,1,1,1,0,1,1
12304,0,0,0,0,0,0,0,0,0,0,0
12305,0,0,0,0,0,0,0,0,0,0,0
12306,1,1,1,1,1,1,1,1,0,1,1
12307,0,0,0,0,0,0,0,0,0,0,0
12308,0,0,0,0,0,0,0,0,0,0,0
12309,1,1,1,1,1,1,1,1,1,1,1
12401,1,0,0,0,0,0,0,0,0,0,0
12404,1,1,1,1,1,0,0,0,0,0,0
12405,0,0,0,0,0,0,0,0,0,0,0
12406,0,0,0,0,0,-1,0,0,-1,0,0
12407,0,0,0,1,1,0,0,0,0,0,1
12409,1,1,1,1,1,1,1,1,1,1,1
12410,1,1,1,1,1,1,0,-1,0,0,0
12411,1,1,1,1,1,1,1,1,1,1,0
12412,1,1,1,0,0,1,1,1,0,1,1
12413,0,0,0,0,0,0,0,0,0,0,0
12414,0,0,0,0,0,0,0,0,0,0,0
12416,0,0,0,0,0,0,0,0,0,0,-1
12417,0,0,0,0,0,0,1,1,1,1,1
12418,0,0,1,1,1,1,1,1,1,0,1
12419,1,1,0,0,1,0,0,0,0,0,0
12420,1,1,1,1,1,1,1,1,1,1,1
12421,1,1,1,0,0,0,0,0,1,1,1
12422,1,0,0,0,1,1,1,1,-1,-1,0
12423,1,0,0,0,0,0,0,0,0,0,0
12424,0,0,0,0,0,1,1,1,0,0,0
12427,1,1,1,1,1,1,1,-1,-1,1,1
12428,0,0,0,0,0,0,0,0,0,0,0
12429,1,1,1,1,-1,1,1,-1,-1,1,-1
12430,0,0,0,0,0,0,0,0,0,0,0
12431,0,0,1,0,0,0,0,0,1,1,1
12432,0,1,1,1,1,1,0,0,0,0,0
12433,1,1,1,1,1,1,1,1,-1,-1,0
12434,0,0,0,0,0,0,0,0,0,0,0
12435,1,1,1,1,0,-1,0,0,0,1,1
12436,1,1,1,1,-1,0,-1,-1,-1,-1,-1
12438,-1,1,1,1,1,1,-1,-1,-1,-1,-1
12439,1,0,0,0,0,0,0,0,0,-1,0
12440,1,1,1,1,0,0,0,1,1,1,1
12441,0,0,1,1,1,1,-1,-1,0,0,0
12442,0,0,0,0,0,0,0,0,0,0,0
12443,1,1,1,1,1,1,1,1,1,1,1
12444,0,0,0,0,0,0,0,0,0,0,0
12446,1,1,0,1,1,0,0,0,0,0,0
12448,1,1,1,1,1,-1,1,1,1,1,1
12449,1,1,0,0,0,0,0,0,0,0,0
12450,0,0,0,0,-1,-1,-1,-1,0,1,-1
12451,0,0,1,1,1,1,1,0,0,0,0
12452,1,1,1,0,0,0,0,-1,0,1,0
12453,1,1,1,0,0,0,0,0,-1,-1,-1
12454,1,1,1,1,1,0,1,0,0,0,0
12455,1,0,0,0,0,0,0,0,0,0,0
12456,1,1,0,0,0,0,0,0,0,1,1
12457,1,0,1,1,-1,-1,0,0,0,0,0
12458,0,0,1,0,0,0,0,0,0,0,0
12459,1,1,1,1,0,0,0,0,-1,1,1
12460,1,1,1,0,0,0,0,0,0,0,-1
12461,1,1,1,1,1,1,1,1,1,1,1
12463,0,0,0,0,0,0,1,1,1,0,-1
12464,0,0,0,0,0,0,0,0,0,0,0
12465,0,0,0,1,1,0,0,0,0,0,0
12466,1,1,1,1,1,1,1,1,1,1,0
12468,0,0,0,0,0,0,0,0,0,0,0
12469,1,1,0,0,0,0,0,0,0,1,1
12470,0,0,0,0,0,1,0,0,0,1,1
12471,0,1,0,0,0,0,-1,-1,1,-1,-1
12472,0,0,0,0,1,0,0,1,0,0,0
12473,1,1,1,1,1,1,1,0,0,0,1
12474,1,1,0,0,0,0,0,0,0,0,0
12475,0,0,0,0,-1,-1,-1,-1,-1,-1,-1
12477,1,1,1,1,1,1,0,0,0,0,0
12480,0,0,0,0,0,0,1,-1,-1,1,1
12481,1,1,1,1,0,1,0,0,0,0,0
12482,0,0,0,0,0,0,0,0,0,-1,-1
12483,0,0,0,0,0,-1,-1,-1,-1,0,-1
12484,1,1,1,1,1,1,0,1,0,0,0
12485,0,0,0,0,0,0,0,0,0,0,0
12486,1,1,1,1,1,1,1,1,1,1,1
12487,1,1,1,1,1,1,1,1,0,0,1
12489,0,0,0,0,1,1,1,-1,0,0,-1
12490,-1,-1,-1,-1,-1,-1,-1,-1,-1,-1,-1
12491,1,1,1,1,1,1,1,1,1,1,1
12492,1,0,0,0,0,0,0,0,-1,-1,1
12493,1,1,1,1,1,1,1,1,-1,-1,-1
12494,0,1,1,1,1,1,1,1,1,1,1
12495,0,0,0,0,1,1,1,1,1,0,0
12496,1,0,0,1,0,0,0,0,0,0,1
12498,1,1,1,1,1,1,1,1,0,0,0
12501,1,1,1,1,1,1,1,1,0,0,0
12502,1,1,1,1,1,1,1,1,1,1,1
12503,1,1,1,1,1,1,1,1,1,1,1
12504,-1,-1,-1,1,1,1,1,1,1,1,-1
12507,-1,1,1,1,1,1,1,0,1,0,1
12508,1,1,1,1,1,1,1,1,1,1,1
12512,1,1,1,1,-1,-1,-1,-1,1,-1,1
12513,1,1,1,1,1,1,1,0,-1,-1,0
12514,1,1,1,1,1,1,1,1,1,1,1
12515,1,1,1,1,0,0,0,-1,1,0,1
12516,1,1,1,1,0,1,1,1,1,1,1
12517,0,0,0,1,1,0,0,-1,-1,1,1
12518,1,1,1,1,1,1,1,1,1,1,1
12520,1,1,1,1,1,1,1,1,1,1,1
12521,1,1,1,1,1,1,1,1,1,0,1
12522,1,1,1,1,0,0,0,0,0,0,0
12523,0,0,0,1,1,1,1,1,0,1,0
12524,1,1,1,1,1,1,1,1,1,1,1
12525,1,1,1,1,1,1,1,1,1,1,1
12526,1,1,1,1,1,1,1,1,1,1,1
12527,0,0,1,1,-1,-1,-1,-1,-1,-1,-1
12528,1,1,1,1,1,1,1,1,1,1,1
12529,1,1,1,1,1,1,0,1,1,1,1
12530,1,-1,-1,-1,0,-1,-1,-1,-1,-1,-1
12531,1,1,1,1,1,1,1,1,1,1,1
12533,1,1,1,1,1,1,1,1,1,1,1
12534,0,0,0,0,0,0,0,0,0,0,0
12538,1,1,1,1,1,1,1,1,1,1,1
12540,1,1,1,1,1,1,1,1,1,1,1
12542,1,1,1,1,1,1,1,1,1,1,1
12543,1,1,1,1,1,0,1,0,1,1,1
12545,1,1,1,1,1,1,1,1,1,1,1
12546,1,1,1,1,1,0,0,0,0,1,1
12547,1,1,1,1,1,1,1,1,1,1,1
12548,1,0,1,1,1,0,0,0,1,1,1
12549,1,1,1,1,1,1,1,1,1,1,1
12550,1,1,1,1,1,0,0,0,0,0,1
12553,1,1,1,1,1,1,1,1,1,1,1
12561,1,1,1,1,1,1,1,1,1,1,1
12563,1,1,1,1,1,1,1,1,1,1,1
12564,1,1,1,1,1,1,1,1,1,1,1
12565,0,0,0,0,0,0,0,0,0,0,0
12566,1,1,1,1,1,1,1,1,1,1,1
12567,1,1,1,1,1,1,0,0,0,0,1
12569,1,1,1,1,1,1,1,1,1,1,1
12570,1,1,1,1,1,1,1,1,1,1,1
12571,1,1,1,1,1,1,1,1,1,1,1
12572,1,1,1,1,1,1,1,1,1,1,1
12574,1,1,1,1,1,1,-1,-1,-1,-1,-1
12575,1,1,1,1,1,1,1,1,1,1,1
12577,1,1,1,1,1,1,1,1,1,1,1
12578,1,1,1,1,1,1,1,1,1,1,0
12580,1,1,1,1,1,1,1,1,1,1,1
12581,1,1,1,1,1,1,1,1,1,1,1
12582,1,1,1,1,1,1,1,1,1,1,1
12583,1,1,1,0,1,1,1,1,1,1,1
12585,1,1,1,1,1,1,1,1,1,1,1
12586,1,1,1,1,1,1,1,1,1,1,1
12589,1,1,1,1,1,1,1,1,1,1,1
12590,1,1,1,1,1,1,1,1,1,1,1
12592,0,1,1,1,1,1,0,0,0,0,0
12594,1,1,1,1,1,1,1,1,1,1,1
12601,0,0,0,0,0,0,0,0,0,0,0
12603,1,1,1,1,1,1,1,1,1,1,1
12604,-1,-1,-1,-1,-1,-1,-1,-1,-1,-1,-1
12701,0,0,0,0,0,0,0,0,0,0,0
12719,1,1,1,1,0,0,0,0,1,0,1
12720,1,1,1,1,1,1,1,-1,0,0,-1
12721,1,1,1,1,1,1,1,1,1,1,1
12722,0,-1,0,0,-1,-1,1,-1,-1,-1,-1
12723,1,1,1,1,0,0,0,0,0,0,1
12724,1,1,1,1,1,1,1,-1,1,-1,-1
12725,1,1,0,0,0,0,1,1,1,1,1
12726,1,1,1,1,1,1,1,0,0,0,0
12729,0,0,1,0,0,0,0,0,0,0,1
12732,1,0,0,0,0,0,0,0,0,0,0
12733,0,0,0,0,0,0,0,0,-1,0,0
12734,0,0,0,0,1,1,1,0,0,0,0
12736,0,0,0,0,0,0,-1,0,-1,0,0
12737,0,0,1,1,1,1,1,1,1,1,1
12738,1,1,1,1,1,1,1,0,0,1,0
12740,1,1,1,1,1,1,1,1,1,1,1
12741,1,1,1,1,0,0,0,0,0,0,0
12742,0,1,1,1,0,-1,-1,0,-1,-1,0
12743,0,0,0,1,0,0,0,0,0,1,1
12745,1,0,0,1,1,1,0,0,0,-1,-1
12746,1,1,1,1,1,1,1,1,1,1,0
12747,1,0,0,1,1,1,1,0,0,0,0
12748,1,1,1,1,1,1,1,1,1,1,1
12749,1,1,0,0,0,0,0,0,-1,1,-1
12750,1,1,0,0,1,1,1,1,1,-1,-1
12751,0,0,0,0,0,0,0,0,0,0,0
12752,0,1,1,1,0,0,0,0,0,0,1
12754,0,0,0,0,0,0,0,0,0,0,0
12758,1,1,0,0,0,0,0,0,0,0,0
12759,0,0,0,0,0,0,0,0,0,0,0
12760,0,0,0,0,0,0,0,0,0,0,1
12762,0,0,0,0,0,0,0,0,0,0,0
12763,1,1,1,1,1,1,1,-1,0,0,-1
12764,1,1,1,0,0,0,0,0,0,0,0
12765,0,1,1,1,1,1,1,1,1,1,1
12766,1,1,1,1,1,0,1,0,0,-1,1
12767,1,1,1,1,1,1,1,1,0,1,0
12768,0,0,0,0,0,1,1,1,0,1,0
12769,0,0,0,1,-1,1,1,-1,-1,0,-1
12770,0,0,0,1,0,1,1,-1,0,0,1
12771,0,0,0,0,0,0,0,0,0,0,0
12775,1,1,1,1,1,1,1,1,1,1,1
12776,0,0,0,1,1,0,0,0,0,0,1
12777,1,1,1,1,1,1,1,1,1,1,1
12778,1,1,0,0,-1,-1,-1,-1,-1,-1,-1
12779,0,0,0,0,0,0,0,0,0,0,-1
12780,0,0,0,0,0,0,0,0,0,0,0
12781,1,1,1,1,1,1,-1,1,0,1,0
12783,0,0,0,1,1,1,1,1,1,0,0
12784,1,0,0,-1,-1,-1,-1,-1,-1,-1,-1
12785,1,0,0,0,0,0,0,1,1,1,1
12786,1,0,0,0,0,0,0,-1,0,1,1
12787,1,1,1,1,1,0,0,1,1,1,1
12788,0,0,0,0,0,0,0,1,1,1,1
12789,0,0,0,0,0,0,0,0,0,0,0
12790,1,0,0,0,0,0,1,1,1,1,1
12791,1,0,0,0,1,1,1,1,1,1,1
12792,0,0,0,0,0,0,0,0,0,0,-1
12801,0,0,0,0,0,0,0,0,0,0,0
12803,1,1,1,1,1,1,0,0,0,0,0
12804,1,1,1,1,1,1,1,1,1,1,1
12808,1,1,1,1,1,1,1,1,0,1,1
12809,1,1,1,1,1,0,0,0,0,0,0
12810,0,1,1,0,1,1,0,0,0,0,0
12811,0,0,0,0,-1,-1,-1,-1,0,0,0
12812,1,1,1,1,0,1,1,1,1,-1,1
12814,1,1,1,1,1,0,0,0,0,1,1
12815,0,1,0,1,1,1,1,1,0,0,0
12816,0,0,0,0,0,0,0,0,0,0,0
12817,0,0,1,1,1,1,1,0,0,1,0
12819,0,0,0,0,0,0,0,0,1,1,1
12821,0,0,0,0,0,0,-1,1,1,1,-1
12822,1,1,0,1,0,0,0,0,0,0,0
12823,0,0,0,1,1,-1,-1,-1,1,1,1
12824,1,1,1,1,1,1,1,1,1,1,1
12827,1,1,1,1,1,0,1,1,0,1,1
12828,0,0,1,0,0,0,0,0,0,0,1
12831,1,1,1,1,1,1,1,1,1,1,1
12832,0,0,0,0,0,0,0,0,0,0,0
12833,1,1,1,1,1,1,1,1,1,1,1
12834,1,1,1,1,1,1,1,1,1,1,1
12835,1,0,0,0,0,0,0,0,0,0,0
12836,1,1,1,1,1,0,0,1,0,1,1
12837,0,0,0,0,0,0,0,0,0,0,1
12838,1,1,1,1,1,1,0,1,0,0,0
12839,0,0,0,0,0,0,0,0,0,0,0
12841,1,1,0,0,0,0,0,1,0,0,0
12842,0,0,0,0,0,0,0,0,0,0,0
12843,0,1,1,0,0,0,0,0,0,0,0
12844,0,1,1,1,1,1,0,1,1,1,1
12845,1,1,1,1,1,1,1,0,0,1,1
12846,1,1,1,1,0,0,0,0,0,0,0
12847,1,1,1,1,1,1,0,0,1,0,1
12849,1,1,1,1,1,0,1,-1,-1,-1,-1
12850,1,1,1,1,1,1,1,1,1,1,1
12851,0,0,0,0,0,0,0,0,0,0,0
12852,1,0,0,0,0,0,0,0,0,0,0
12853,0,0,0,0,0,0,0,0,0,0,0
12855,0,0,0,0,0,0,0,0,0,0,0
12856,0,0,0,0,-1,0,-1,0,0,0,0
12857,1,1,0,0,0,0,0,0,0,0,0
12858,0,1,1,1,-1,1,1,1,1,1,1
12859,1,1,1,1,1,0,1,1,1,1,1
12860,0,0,0,0,0,0,1,1,1,1,1
12861,0,0,1,1,1,1,0,0,0,1,1
12862,-1,-1,-1,-1,-1,-1,-1,-1,-1,-1,-1
12863,1,1,1,1,1,1,1,1,1,1,1
12864,1,1,-1,-1,-1,-1,-1,-1,-1,-1,-1
12865,1,1,1,0,1,0,0,0,0,0,0
12866,1,1,1,1,1,1,1,1,1,1,1
12870,0,0,1,1,1,0,0,0,0,0,0
12871,1,1,1,1,1,1,1,1,0,1,1
12872,0,0,-1,0,0,0,0,0,-1,-1,-1
12873,1,1,0,0,0,0,0,0,0,1,1
12874,1,1,1,1,1,1,1,1,1,1,1
12878,0,0,0,0,0,0,0,0,0,0,0
12883,0,0,0,0,0,0,0,0,0,0,0
12884,0,0,0,0,0,0,0,0,0,0,0
12885,0,0,0,0,0,0,0,0,0,0,0
12886,1,1,1,1,-1,-1,1,0,0,1,1
12887,0,0,0,0,0,0,0,0,0,0,0
12901,0,0,0,0,0,0,0,0,0,0,0
12903,1,1,0,0,0,0,0,1,0,1,1
12910,0,1,1,0,1,0,0,0,0,0,0
12911,1,1,-1,-1,-1,-1,-1,-1,-1,-1,-1
12912,0,0,0,0,0,0,0,0,0,0,0
12913,1,1,1,1,1,0,0,0,0,0,0
12914,0,0,0,1,0,0,0,0,0,0,0
12916,0,0,0,0,1,0,1,0,0,0,0
12917,0,1,0,0,0,0,0,0,0,0,0
12918,1,1,1,1,1,0,1,0,0,1,1
12919,1,0,0,0,0,0,0,0,0,0,0
12920,0,0,0,0,0,0,0,0,0,0,0
12921,1,1,1,1,1,1,1,1,1,1,1
12922,1,1,1,1,0,0,-1,-1,-1,-1,-1
12923,0,0,0,0,0,0,0,0,0,0,0
12924,0,0,0,0,0,0,-1,1,-1,1,-1
12926,0,0,0,0,0,0,0,0,0,0,0
12927,1,1,1,1,0,0,0,0,0,0,0
12928,0,1,0,0,0,0,0,0,0,1,1
12929,0,0,0,0,0,0,0,0,0,0,0
12930,0,0,0,0,0,0,0,0,0,0,0
12932,1,1,0,0,0,0,0,0,0,0,0
12933,-1,-1,-1,-1,-1,-1,-1,-1,-1,1,-1
12934,0,0,0,0,0,0,0,0,0,0,0
12935,0,0,0,0,0,0,0,0,0,0,0
12936,1,0,1,1,1,1,1,0,0,0,0
12937,0,0,0,0,0,0,0,0,0,0,0
12939,0,0,0,1,0,0,0,0,0,0,-1
12941,1,1,1,1,1,1,1,1,1,1,1
12942,0,0,0,0,0,0,0,1,1,1,1
12943,1,1,0,0,0,0,0,0,0,0,0
12944,1,0,0,0,0,0,0,0,0,0,0
12945,0,0,1,1,1,1,1,1,0,0,1
12946,1,1,0,0,1,0,0,0,0,0,1
12950,0,0,0,0,0,0,1,1,0,0,1
12952,0,0,0,0,0,0,0,0,0,0,1
12953,0,0,0,0,0,0,0,0,0,0,0
12955,1,1,1,1,1,1,1,1,0,0,0
12956,0,1,0,1,1,1,0,0,0,0,0
12957,0,0,0,0,0,0,0,0,0,0,0
12958,0,0,0,0,0,0,0,0,0,0,0
12959,0,1,0,0,0,0,0,0,0,0,0
12960,1,0,1,1,1,1,1,1,0,0,0
12961,0,0,1,1,-1,0,0,-1,-1,0,-1
12962,1,1,1,1,1,1,1,1,0,0,0
12964,1,1,1,1,-1,1,1,-1,1,0,1
12965,0,0,0,0,0,0,0,0,0,-1,0
12966,1,0,0,0,0,0,0,0,0,0,0
12967,0,1,0,0,0,0,0,0,0,0,0
12969,0,0,0,0,0,0,0,0,0,0,0
12970,0,0,1,0,0,0,0,0,1,1,1
12972,1,1,1,1,1,1,1,1,1,1,1
12973,0,0,1,0,1,1,1,0,0,0,0
12974,0,0,0,0,0,0,0,0,0,0,0
12975,0,0,0,0,1,1,-1,0,0,0,0
12976,0,0,0,0,1,1,1,1,0,1,0
12977,-1,-1,-1,-1,-1,-1,-1,-1,-1,-1,-1
12978,1,1,1,1,-1,-1,-1,-1,-1,1,1
12979,1,1,1,1,1,1,0,0,0,0,0
12980,0,0,0,0,0,0,0,0,0,0,0
12981,1,1,1,1,0,1,1,1,0,1,1
12983,0,0,0,0,0,0,0,0,0,0,0
12985,1,1,0,0,0,0,0,0,-1,0,1
12986,0,0,1,0,0,0,0,0,0,0,0
12987,1,0,0,0,0,0,0,0,0,1,1
12989,1,1,1,1,1,1,1,1,0,1,1
12992,1,1,1,1,0,0,0,0,0,0,1
12993,0,0,0,0,0,0,0,0,0,0,0
12996,0,0,0,0,0,0,1,0,0,1,1
12997,1,1,1,1,1,0,0,0,0,0,1
12998,0,0,0,0,0,0,0,0,0,0,0
13020,0,0,0,0,0,0,0,1,0,0,0
13021,0,0,0,0,0,0,0,0,0,0,0
13024,-1,-1,-1,-1,-1,-1,-1,-1,-1,-1,-1
13026,1,1,1,1,1,1,1,1,1,1,1
13027,1,1,1,1,1,1,1,1,1,1,1
13028,0,0,0,0,0,0,0,0,0,1,1
13029,1,1,1,1,1,1,1,1,1,1,1
13030,1,1,1,1,1,1,1,0,0,1,0
13031,1,1,1,1,1,1,1,1,1,1,1
13032,1,1,1,0,0,0,0,0,0,0,0
13033,1,1,1,1,1,1,0,1,0,1,1
13034,1,1,1,1,1,1,1,1,1,1,1
13035,1,1,1,1,1,1,1,1,1,1,1
13036,0,1,1,0,0,0,0,0,0,1,1
13037,1,1,1,1,1,1,1,1,1,1,1
13039,1,1,1,1,1,1,1,1,1,1,1
13040,0,0,0,0,0,0,0,0,0,0,0
13041,1,1,1,1,1,1,1,1,1,1,1
13042,1,1,1,1,0,0,0,0,0,1,0
13044,0,1,1,1,1,1,0,1,0,1,0
13045,0,0,0,0,0,0,0,0,0,0,0
13051,1,-1,-1,-1,-1,-1,-1,-1,1,-1,-1
13052,0,0,1,0,0,0,0,0,0,0,0
13053,1,1,1,1,1,1,1,1,0,0,1
13054,0,0,0,0,0,0,1,1,1,1,1
13057,1,1,1,1,1,1,0,0,0,0,0
13060,1,1,1,1,1,1,1,0,0,0,0
13061,1,1,1,1,1,1,1,1,0,1,1
13062,0,0,0,0,-1,1,-1,-1,-1,-1,-1
13063,1,1,1,1,1,1,1,1,1,1,1
13066,1,1,1,1,1,1,1,1,1,1,1
13068,1,1,1,1,1,1,1,0,0,1,1
13069,0,0,0,0,0,0,0,0,0,0,0
13071,1,1,1,1,1,1,1,1,0,0,0
13072,0,0,0,0,0,0,0,0,0,0,0
13073,1,1,0,1,0,0,0,1,0,0,0
13074,0,0,0,0,0,0,0,0,0,1,0
13076,1,1,1,1,0,0,0,0,0,1,1
13077,1,1,1,1,1,0,0,0,0,0,0
13078,1,1,1,1,1,1,1,1,1,1,1
13080,1,1,1,1,1,0,0,0,0,0,0
13081,1,1,0,0,1,1,1,1,1,1,1
13082,0,0,1,1,1,1,1,1,1,1,1
13083,0,0,0,0,0,0,1,1,1,1,1
13084,1,1,1,1,1,1,1,1,0,1,1
13087,0,0,1,1,1,1,1,0,1,1,1
13088,1,1,1,0,0,0,0,0,0,0,0
13090,1,1,1,1,1,1,1,1,1,1,1
13092,1,1,1,1,1,1,1,1,0,1,0
13101,1,1,1,1,1,1,1,0,0,0,0
13102,0,0,0,-1,-1,-1,-1,-1,0,0,-1
13103,0,0,0,0,-1,-1,1,1,0,-1,0
13104,1,1,1,1,1,1,1,1,1,1,1
13108,1,1,1,1,1,1,1,1,1,1,1
13110,1,1,1,1,1,1,1,1,1,1,1
13111,0,0,0,0,0,0,0,0,0,0,0
13112,1,1,1,1,0,0,0,1,0,1,1
13113,1,1,1,1,1,1,1,1,1,1,0
13114,0,1,0,0,0,0,0,0,0,0,0
13115,0,0,0,0,0,0,0,0,0,1,0
13116,1,1,1,1,1,0,0,0,0,0,1
13117,1,1,1,0,0,0,0,0,0,0,0
13118,1,1,1,1,1,0,0,0,0,0,0
13120,1,1,0,1,1,0,1,0,0,0,1
13122,1,0,0,0,1,0,1,1,1,0,0
13123,0,1,1,1,1,0,0,0,-1,-1,-1
13124,1,0,0,0,0,0,0,0,0,0,1
13126,0,0,0,0,0,0,0,0,0,0,0
13131,1,0,0,0,0,0,0,0,0,0,0
13132,1,1,1,1,1,1,0,0,1,1,0
13134,0,0,0,0,0,1,1,1,1,1,1
13135,1,1,1,1,0,0,0,0,0,0,1
13136,0,0,0,0,0,0,0,0,0,0,0
13138,-1,-1,-1,-1,-1,-1,-1,-1,-1,-1,-1
13140,0,0,0,0,0,0,0,0,0,0,0
13141,0,0,0,0,0,0,0,0,0,0,1
13142,0,0,0,0,0,0,0,0,0,0,1
13143,0,0,0,0,0,0,0,0,0,0,0
13144,0,0,0,0,0,0,0,0,0,0,0
13145,0,0,0,0,0,0,0,0,0,0,0
13146,0,0,0,0,0,0,0,0,0,0,0
13147,1,1,1,1,1,1,0,0,0,0,0
13148,0,0,0,0,0,0,0,0,0,0,0
13152,1,1,1,1,1,1,1,1,1,1,1
13153,1,1,1,1,0,1,0,0,0,-1,-1
13155,0,0,0,0,0,0,0,1,0,0,0
13156,0,0,0,1,1,0,0,0,0,0,0
13157,0,0,0,0,0,0,0,0,0,0,0
13158,0,1,0,0,0,0,0,0,0,1,1
13159,1,1,1,1,1,1,1,1,1,1,1
13160,1,1,1,1,1,1,1,1,0,1,1
13162,0,1,1,1,1,1,-1,-1,1,-1,1
13163,1,1,1,1,0,0,0,0,0,1,1
13164,1,1,1,1,1,1,1,1,1,1,1
13165,0,0,0,0,0,0,0,0,0,0,0
13166,1,1,1,1,1,0,0,0,0,0,1
13167,1,1,1,1,0,0,0,0,0,0,1
13202,0,0,0,0,0,0,0,0,0,0,0
13203,0,0,0,0,0,0,0,0,0,0,0
13204,0,0,0,0,0,0,0,0,0,0,0
13205,0,0,0,0,0,0,0,0,0,0,0
13206,0,0,0,0,0,0,0,0,0,0,0
13207,0,0,0,0,0,0,0,0,0,0,0
13208,0,0,0,0,0,0,0,0,0,0,0
13209,0,0,0,0,0,0,0,0,0,0,0
13210,0,0,0,0,0,0,0,0,0,0,0
13211,0,0,0,0,0,0,0,0,0,0,0
13212,1,1,0,1,0,0,0,0,0,0,0
13214,1,1,1,1,1,1,1,1,1,1,1
13215,1,1,1,1,1,1,1,1,1,1,1
13219,1,1,1,1,1,0,0,0,0,1,1
13224,1,1,1,1,0,0,0,0,0,0,1
13290,-1,-1,-1,-1,-1,-1,-1,-1,-1,-1,-1
13301,1,1,1,1,1,1,1,1,1,1,1
13302,0,0,0,0,0,0,0,0,0,0,0
13303,1,1,1,1,1,1,1,1,0,1,1
13304,1,1,1,1,1,1,1,1,1,1,1
13305,1,1,1,1,1,1,0,0,0,0,0
13308,1,0,0,0,0,0,0,0,0,1,1
13309,0,0,1,0,0,0,0,0,0,0,0
13310,1,1,1,0,0,0,0,0,0,0,0
13312,0,0,0,0,0,0,0,0,0,1,1
13313,0,0,0,0,0,0,0,0,0,0,0
13314,0,0,0,0,0,0,0,0,0,0,-1
13315,1,1,1,1,0,0,0,0,0,0,0
13316,1,1,0,0,0,0,0,0,0,0,0
13317,0,1,0,0,0,0,0,0,0,0,0
13318,0,0,0,0,1,1,1,1,1,1,1
13319,0,0,0,0,0,0,0,0,0,0,0
13320,0,0,0,0,1,0,0,0,0,0,0
13321,0,1,0,0,0,0,0,0,0,0,0
13322,1,1,0,0,0,0,0,0,0,1,1
13323,1,1,1,1,1,1,1,1,1,1,1
13324,0,0,0,0,0,0,0,0,0,0,0
13325,0,0,0,0,0,0,0,0,0,0,0
13326,1,1,1,1,1,0,1,0,0,0,1
13327,0,0,0,0,0,0,0,0,0,0,0
13328,1,1,1,1,0,1,1,1,1,1,1
13329,0,0,0,0,0,0,0,0,0,0,0
13331,1,1,1,1,1,-1,0,0,1,-1,0
13332,0,0,0,0,0,0,0,0,0,0,0
13333,0,1,0,0,1,1,0,-1,-1,-1,0
13334,0,0,1,1,0,-1,1,0,0,0,0
13335,0,0,0,1,1,1,0,0,0,0,0
13337,0,0,0,1,0,0,1,1,-1,0,1
13338,0,0,0,0,0,0,0,0,0,0,0
13339,0,0,0,0,0,0,0,0,0,0,0
13340,0,0,0,0,0,0,0,0,0,0,0
13342,1,1,1,1,1,1,1,0,0,1,0
13343,0,0,0,0,0,0,0,0,0,0,0
13345,0,0,0,0,-1,-1,1,-1,0,0,1
13346,1,1,1,1,1,1,1,1,0,0,0
13348,1,0,0,0,0,0,0,0,0,0,1
13350,0,0,0,0,0,0,0,0,0,0,0
13352,1,0,1,0,-1,-1,-1,-1,-1,-1,-1
13353,1,0,0,0,0,0,0,-1,0,-1,-1
13354,1,1,1,1,1,1,1,1,1,1,1
13355,0,0,0,0,0,0,0,1,1,0,0
13357,0,0,0,0,0,0,0,0,0,0,0
13360,1,1,0,0,0,0,0,0,0,-1,1
13361,1,1,1,0,0,0,1,0,0,0,1
13363,1,1,1,1,1,0,0,1,1,1,1
13364,0,0,0,0,0,0,0,0,0,1,1
13365,0,0,0,0,0,0,0,0,0,0,0
13367,0,0,0,0,0,0,0,0,0,0,0
13368,1,1,0,0,0,0,0,0,0,0,0
13402,0,1,0,0,0,0,0,0,0,0,0
13403,1,1,1,1,1,1,1,1,1,1,1
13404,0,1,1,0,0,0,0,0,0,-1,0
13406,1,1,1,1,0,0,0,0,0,0,1
13407,0,0,0,0,0,0,0,0,0,0,0
13408,0,0,0,0,0,0,0,0,0,0,0
13409,1,1,1,1,0,0,0,0,0,0,0
13410,0,0,0,0,0,0,0,1,0,-1,0
13411,0,0,0,0,0,0,0,0,0,0,0
13413,1,1,1,1,1,1,1,1,1,1,1
13415,1,1,1,0,0,0,0,0,0,1,0
13416,0,1,1,1,1,0,0,0,0,0,0
13417,0,0,0,0,0,0,0,0,0,0,0
13418,1,1,0,0,0,0,0,0,1,-1,-1
13420,1,1,1,1,1,0,0,0,0,1,1
13421,0,0,0,0,0,0,0,0,0,0,0
13424,1,1,1,1,1,0,0,0,0,0,0
13425,0,0,0,0,0,0,0,0,0,0,0
13428,1,0,0,0,0,0,0,0,0,0,0
13431,1,1,1,1,1,0,0,0,1,1,1
13433,0,0,0,0,0,0,0,0,0,0,0
13435,1,1,0,0,0,0,0,1,1,1,0
13436,1,1,1,1,0,0,0,0,0,0,1
13437,0,0,0,0,0,0,0,0,0,0,0
13438,1,1,1,0,0,0,0,0,0,0,0
13439,0,0,0,0,0,0,0,0,0,0,0
13440,1,0,0,0,0,0,0,0,0,0,0
13441,-1,-1,-1,-1,-1,-1,-1,0,0,0,-1
13450,0,0,0,0,0,1,0,0,0,0,0
13452,0,0,0,0,0,0,0,0,0,0,0
13454,0,0,0,0,0,0,0,0,0,1,1
13456,1,1,1,1,1,1,1,1,1,1,1
13459,1,0,0,0,0,0,0,0,0,0,0
13460,1,0,0,0,0,0,0,0,0,0,0
13461,1,1,1,1,1,0,0,0,0,0,1
13464,1,1,1,0,0,0,0,0,0,0,0
13468,1,0,0,0,0,0,0,0,0,0,0
13469,1,1,1,1,1,1,1,1,1,1,1
13470,0,0,0,0,0,0,0,0,0,0,0
13471,0,0,0,0,0,0,0,0,0,0,0
13472,1,1,1,1,1,1,-1,-1,0,-1,-1
13473,0,0,0,1,1,0,0,0,0,1,1
13475,-1,1,0,0,-1,-1,-1,-1,-1,-1,1
13476,1,0,0,0,0,0,1,1,1,0,0
13477,1,0,0,0,0,0,0,0,0,0,0
13478,1,1,1,1,1,1,0,0,0,0,0
13480,0,0,0,0,0,0,0,0,0,0,0
13483,0,0,0,0,0,0,-1,1,1,1,1
13484,1,1,1,-1,1,1,-1,1,1,-1,-1
13485,0,0,0,0,0,0,0,0,0,0,0
13486,0,0,0,1,0,0,0,0,0,1,0
13488,1,1,1,1,1,0,0,0,0,1,0
13489,1,0,0,0,0,0,0,0,0,0,0
13490,1,1,1,1,1,1,1,1,1,1,1
13491,0,0,1,1,1,0,0,0,0,0,0
13492,1,1,1,1,1,1,0,0,0,1,1
13493,0,0,0,0,0,0,0,0,0,0,0
13494,0,0,0,0,0,0,1,0,0,0,0
13495,0,0,0,1,0,0,0,0,0,0,0
13501,0,0,0,0,0,0,0,0,0,0,0
13502,0,0,0,0,0,0,0,0,0,0,0
13601,0,0,0,0,0,0,0,0,0,0,0
13602,1,1,0,0,0,0,0,0,0,-1,-1
13603,0,0,0,0,0,0,0,0,0,0,0
13605,0,0,0,0,0,0,0,0,0,0,0
13606,1,1,1,1,0,1,1,1,0,0,1
13607,0,0,0,0,0,0,0,0,0,0,0
13608,1,1,0,1,0,0,0,0,0,0,1
13612,1,1,1,1,1,1,1,1,0,0,0
13613,0,0,0,0,0,0,0,0,0,0,0
13614,0,0,0,0,0,-1,0,-1,0,0,-1
13615,1,1,1,1,0,0,0,0,0,1,1
13616,0,0,0,0,0,0,0,0,0,0,0
13617,0,1,0,0,0,0,0,0,0,1,0
13618,1,1,1,1,0,0,0,0,0,0,0
13619,0,0,0,0,0,0,0,0,0,0,0
13620,0,0,0,0,0,0,0,0,0,0,0
13621,0,0,0,0,0,0,0,0,0,0,0
13622,1,1,1,1,0,0,1,1,0,0,1
13623,1,1,1,1,1,-1,1,-1,-1,-1,0
13624,1,0,1,1,1,1,1,1,0,1,1
13625,0,0,0,0,0,0,0,0,0,0,0
13626,1,1,1,1,0,0,0,0,0,0,1
13628,0,1,1,0,0,0,0,0,1,0,0
13630,0,0,0,1,0,0,0,0,0,0,0
13633,1,1,1,1,1,0,1,1,1,0,0
13634,1,1,1,1,0,0,0,0,0,0,0
13635,0,0,0,0,0,0,0,0,0,0,0
13636,1,1,1,1,1,1,1,0,0,0,0
13637,0,0,1,1,0,0,0,0,0,0,0
13638,0,0,0,0,0,0,0,0,0,0,-1
13639,0,0,0,0,0,0,0,0,0,-1,-1
13640,1,1,1,1,0,0,0,0,0,0,1
13641,0,1,0,0,-1,-1,-1,-1,-1,0,0
13642,0,0,0,0,0,0,0,0,0,0,0
13643,-1,-1,-1,-1,-1,-1,-1,-1,-1,-1,-1
13646,0,0,0,0,0,0,0,0,0,0,0
13647,0,1,1,1,1,1,-1,-1,1,-1,-1
13648,0,0,0,0,0,0,0,0,0,0,0
13650,0,0,0,0,1,0,0,0,0,1,1
13651,1,1,1,1,1,1,1,1,1,1,1
13652,0,0,0,0,0,0,0,0,0,0,0
13654,0,0,0,0,0,0,0,0,0,0,0
13655,0,0,0,0,0,0,0,0,0,0,-1
13656,1,1,1,0,0,0,0,0,0,0,0
13658,1,1,1,1,1,0,0,0,0,0,1
13659,0,0,0,0,0,0,0,0,0,0,0
13660,0,0,0,0,0,0,0,0,0,0,0
13661,0,0,0,1,1,1,1,1,1,1,1
13662,0,0,0,0,0,0,0,0,0,0,0
13664,1,1,1,1,1,1,1,1,0,1,0
13665,0,0,0,0,1,1,1,0,0,0,0
13666,0,0,0,0,0,0,0,0,0,0,0
13667,0,0,0,0,0,0,0,0,0,0,0
13668,0,0,0,0,0,0,0,0,0,1,1
13669,0,0,0,0,0,0,0,0,0,0,0
13670,0,0,0,0,0,0,0,0,0,0,0
13672,0,0,0,0,0,0,0,0,0,0,0
13673,0,0,0,0,0,0,0,0,0,0,0
13674,1,0,0,0,-1,-1,0,-1,-1,0,-1
13675,-1,-1,-1,-1,-1,1,1,1,0,-1,-1
13676,0,0,0,0,0,0,0,0,0,0,0
13678,0,0,0,0,-1,-1,-1,0,-1,0,0
13679,1,1,0,0,0,0,0,0,0,0,1
13680,1,1,0,0,0,0,0,0,0,0,0
13681,0,0,0,0,0,0,0,0,0,0,0
13682,1,1,1,1,1,1,1,1,1,1,1
13684,0,0,0,0,0,0,0,0,0,0,0
13685,1,1,1,1,1,0,0,0,0,1,1
13687,1,0,0,0,0,0,0,0,0,0,0
13690,0,0,0,0,0,0,0,0,0,0,0
13691,0,0,0,1,1,1,0,0,0,0,1
13692,1,1,-1,1,1,-1,0,0,0,-1,1
13693,0,0,0,1,0,0,0,0,0,0,0
13694,1,1,1,1,1,1,1,0,0,0,0
13695,1,0,1,1,1,1,1,1,1,-1,1
13696,-1,-1,-1,-1,-1,-1,-1,-1,-1,-1,0
13697,0,0,0,0,0,0,0,0,0,0,0
13730,0,0,0,0,0,0,0,0,0,0,0
13731,0,0,0,0,0,0,0,0,0,0,0
13732,1,1,1,1,1,1,1,1,1,1,1
13733,0,0,0,0,0,0,0,0,0,0,0
13734,1,1,1,1,1,0,0,0,0,0,1
13736,1,1,1,1,1,0,1,0,0,0,0
13739,0,0,0,0,0,0,0,0,0,0,0
13740,0,0,0,0,0,1,1,1,0,0,0
13743,1,1,1,1,0,1,0,0,0,0,0
13744,1,1,1,1,0,0,0,0,0,0,0
13746,1,1,0,0,0,0,0,0,0,0,0
13748,1,0,0,0,0,0,0,0,0,0,0
13750,0,0,0,0,0,0,0,0,0,0,0
13751,0,0,0,0,0,-1,-1,-1,0,0,-1
13752,1,0,1,0,0,0,0,0,0,0,0
13753,1,0,0,0,0,0,0,0,0,0,0
13754,0,0,0,0,0,0,0,0,0,0,0
13755,0,0,0,0,0,0,0,0,0,0,0
13756,0,0,0,0,0,0,0,0,0,0,1
13757,1,0,1,1,0,0,0,0,0,0,1
13760,1,1,0,0,0,0,0,0,0,0,0
13774,0,1,1,1,1,1,0,0,0,0,0
13775,0,0,0,0,0,0,0,0,0,0,1
13776,1,1,0,0,0,0,0,1,1,0,1
13777,0,0,0,0,0,1,1,1,0,0,1
13778,0,1,0,1,0,1,0,0,0,0,0
13780,1,0,1,0,0,0,0,0,0,0,1
13782,0,0,0,0,0,0,0,0,0,0,0
13783,0,0,0,0,0,0,0,0,0,0,0
13784,0,0,0,0,0,0,0,0,1,0,0
13786,0,0,1,1,0,0,0,0,0,0,0
13787,1,0,0,0,0,0,0,0,0,0,0
13788,1,1,1,0,0,0,0,0,0,0,0
13790,0,0,0,0,0,0,0,0,0,0,0
13795,1,1,0,0,0,0,0,0,0,0,0
13796,1,0,1,1,0,0,1,0,0,0,0
13797,0,0,0,0,0,0,0,0,0,0,0
13801,0,0,0,0,0,0,0,0,0,0,0
13802,1,1,1,1,1,0,0,1,1,-1,-1
13803,0,1,0,0,0,0,0,0,0,0,0
13804,1,1,1,1,0,1,0,0,0,0,0
13806,1,1,1,1,1,1,0,0,0,-1,1
13807,0,0,0,1,1,0,0,0,0,0,1
13808,0,0,0,0,0,0,0,0,0,0,0
13809,0,0,0,0,0,0,0,0,0,0,0
13810,0,0,0,0,0,0,0,0,0,1,1
13811,0,1,0,0,0,0,0,1,1,1,1
13812,1,0,0,0,0,0,0,1,0,0,0
13813,1,0,0,0,0,0,0,0,0,1,1
13815,0,0,0,0,0,0,0,0,0,0,0
13820,0,0,0,0,0,0,0,0,0,0,0
13825,0,0,1,0,0,0,0,0,0,0,0
13826,-1,-1,-1,-1,-1,-1,-1,-1,-1,-1,1
13827,1,1,1,1,1,0,0,0,0,0,0
13830,1,1,1,0,0,0,0,0,0,0,0
13832,0,0,0,0,0,0,0,0,0,0,0
13833,1,1,0,0,0,0,0,0,0,0,0
13834,-1,-1,-1,-1,-1,1,1,1,1,1,0
13835,0,0,0,0,0,0,0,0,0,0,0
13838,0,0,0,0,0,0,0,0,0,0,0
13839,1,1,0,0,0,0,0,0,0,0,0
13841,0,0,0,0,0,0,0,0,0,0,0
13842,0,1,1,1,1,1,1,0,0,0,0
13843,1,0,0,0,0,0,0,0,0,0,0
13844,1,1,0,0,0,0,0,0,0,0,0
13846,1,1,1,1,0,0,0,0,0,0,0
13847,0,0,0,-1,-1,-1,-1,-1,-1,-1,-1
13849,0,0,0,0,0,0,0,0,0,0,0
13850,1,1,1,1,1,1,1,1,0,0,1
13856,0,0,0,0,0,0,0,0,0,0,0
13859,1,0,1,0,1,1,1,0,0,1,1
13860,1,1,-1,-1,-1,1,1,-1,-1,-1,-1
13861,1,1,0,1,-1,-1,1,1,0,0,0
13862,0,0,0,0,1,1,1,0,0,0,0
13863,0,0,0,0,1,0,0,0,0,0,0
13864,1,1,1,0,0,0,0,0,0,0,0
13865,0,0,0,1,1,1,1,0,0,0,0
13901,0,0,0,0,0,0,0,0,0,0,0
13902,-1,-1,-1,-1,-1,-1,-1,-1,-1,-1,-1
13903,0,0,0,0,0,0,0,0,0,0,0
13904,0,0,0,0,0,0,0,0,0,0,0
13905,0,0,0,0,0,0,0,0,0,0,0
14001,1,1,1,1,0,0,0,0,0,0,0
14004,1,1,1,1,1,1,1,1,1,1,1
14005,1,1,1,1,1,1,0,1,0,1,1
14006,1,1,1,1,0,0,0,0,0,0,0
14008,1,1,0,0,0,0,0,0,0,0,0
14009,0,0,0,0,0,0,0,0,0,0,0
14011,1,1,1,1,1,1,1,1,0,1,1
14012,0,0,0,0,0,0,0,0,0,0,0
14013,0,0,0,0,0,0,0,0,0,0,0
14020,0,0,0,0,0,0,0,0,0,0,0
14024,0,0,0,1,1,1,0,0,0,0,0
14025,1,1,1,1,1,1,0,0,0,1,1
14026,1,1,1,1,1,1,1,-1,1,0,0
14028,1,1,1,1,1,0,1,1,0,0,0
14030,1,1,1,1,1,0,1,0,0,1,1
14031,1,1,1,1,1,1,1,1,1,1,1
14032,1,1,1,1,1,1,1,1,1,1,1
14033,1,1,1,1,1,1,1,1,1,1,1
14034,1,1,1,1,0,1,0,0,0,0,1
14035,0,0,0,0,-1,1,1,-1,1,1,1
14036,1,0,0,0,0,1,1,1,1,1,1
14037,1,1,1,1,1,1,1,0,0,0,0
14039,0,0,0,0,0,1,0,0,0,-1,0
14040,1,1,1,1,1,0,0,1,0,0,1
14041,0,0,0,0,0,0,0,0,-1,-1,-1
14042,0,0,0,0,0,0,0,0,0,0,0
14043,1,0,0,0,0,0,0,0,0,0,0
14047,1,1,1,1,1,1,1,1,1,0,0
14048,0,0,0,0,0,0,0,0,0,0,0
14051,1,1,1,1,1,1,1,1,1,1,1
14052,1,1,1,1,1,1,1,1,1,1,1
14054,1,1,0,0,0,0,0,0,0,0,0
14055,1,0,0,1,1,1,1,1,0,0,0
14057,1,1,1,1,1,1,1,1,1,1,1
14058,1,1,1,1,1,1,1,1,0,1,1
14059,1,1,1,1,1,1,1,1,1,1,1
14060,0,0,0,0,-1,0,0,0,0,0,0
14061,1,1,1,1,1,0,0,0,0,0,1
14062,0,0,0,0,0,0,0,0,0,0,0
14063,0,0,0,0,0,0,0,0,0,0,0
14065,0,0,0,0,0,0,0,0,0,0,0
14066,0,0,0,0,0,0,0,0,0,0,0
14067,1,1,1,0,0,0,0,0,0,1,0
14068,1,1,1,1,1,1,1,1,1,1,1
14069,1,1,1,1,0,0,0,1,0,1,1
14070,0,0,0,0,0,0,0,0,0,0,0
14072,1,1,1,1,1,1,1,1,1,1,1
14075,1,1,1,1,1,1,1,1,1,1,1
14080,1,1,1,1,1,1,1,1,0,0,0
14081,0,1,1,1,1,0,0,0,0,0,0
14082,1,0,0,0,0,0,0,0,0,0,0
14085,1,1,1,1,1,1,1,1,1,1,1
14086,1,1,1,1,1,1,1,1,1,1,1
14091,0,1,0,1,1,1,0,0,0,0,1
14092,1,1,1,1,1,1,1,1,0,0,0
14094,0,0,0,0,0,0,0,0,0,0,0
14098,0,1,1,1,0,0,0,0,0,0,0
14101,1,1,0,1,0,0,0,0,0,0,0
14102,1,1,1,1,1,1,1,1,1,1,1
14103,0,0,0,0,0,0,0,0,0,0,0
14105,1,1,1,1,1,0,0,0,0,0,1
14108,1,1,1,1,0,0,0,0,0,0,0
14109,-1,-1,-1,-1,-1,-1,-1,-1,-1,-1,-1
14111,0,1,1,1,0,0,0,0,0,0,1
14112,-1,-1,-1,-1,-1,-1,-1,-1,-1,-1,-1
14113,1,1,0,0,0,0,0,0,0,0,0
14120,1,1,1,1,1,0,0,0,0,1,1
14125,0,0,0,0,0,0,0,0,0,0,0
14126,0,0,0,0,1,0,-1,0,0,-1,1
14127,1,1,1,1,1,1,1,1,1,1,1
14129,1,1,0,0,0,0,0,0,0,0,0
14130,0,0,0,0,0,0,0,0,0,0,0
14131,1,1,1,1,1,1,1,1,1,1,1
14132,1,1,1,1,1,1,1,1,1,1,1
14134,1,1,1,1,1,1,1,0,1,0,-1
14135,1,0,0,0,0,0,0,-1,-1,-1,-1
14136,0,0,0,0,0,0,0,0,0,0,0
14138,0,0,0,0,0,0,0,0,0,0,0
14139,1,1,1,1,1,1,1,1,1,1,1
14141,0,0,0,0,0,0,0,0,0,0,0
14143,1,1,1,0,0,0,0,0,0,1,1
14145,1,1,1,1,1,0,0,1,0,1,1
14150,0,0,0,0,0,0,0,0,0,0,0
14167,1,1,1,1,1,0,0,1,0,0,0
14168,1,1,0,0,-1,-1,-1,-1,-1,-1,-1
14169,0,0,0,0,0,0,0,0,0,0,0
14170,1,1,1,1,1,1,1,1,1,1,1
14171,0,0,0,0,0,0,0,0,0,0,0
14172,1,1,1,1,1,1,0,0,0,0,0
14173,0,0,0,0,0,0,-1,-1,-1,1,1
14174,1,1,1,1,1,1,1,1,1,1,1
14201,0,0,0,0,0,0,0,0,0,0,0
14202,0,0,0,0,0,0,0,0,0,0,0
14203,0,0,0,0,0,0,0,0,0,0,0
14204,0,0,0,0,0,0,0,0,0,0,0
14206,0,0,0,0,0,0,0,0,0,0,0
14207,0,0,0,0,0,0,0,0,0,0,0
14208,0,0,0,0,0,0,0,0,0,0,0
14209,0,0,0,0,0,0,0,0,0,0,0
14210,0,0,0,0,0,0,0,0,0,0,0
14211,0,0,0,0,0,0,0,0,0,0,0
14212,0,0,0,0,0,0,0,0,0,0,0
14213,0,0,0,0,0,0,0,0,0,0,0
14214,0,0,0,0,0,0,0,0,0,0,0
14215,0,0,0,0,0,0,0,0,0,0,0
14216,0,0,0,0,0,0,0,0,0,0,0
14217,0,0,0,0,0,0,0,0,0,0,0
14218,0,0,0,0,0,0,0,0,0,0,0
14219,0,0,0,0,0,0,0,0,0,0,0
14220,0,0,0,0,0,0,0,0,0,0,0
14221,1,1,1,1,1,1,1,1,1,1,1
14222,0,0,0,1,0,0,0,0,0,1,1
14223,1,1,1,1,1,1,0,0,0,1,1
14224,1,1,1,1,1,1,1,1,0,1,1
14225,0,0,0,0,0,0,0,0,0,0,0
14226,1,1,1,1,1,1,1,1,1,1,1
14227,0,0,0,0,0,0,0,0,0,0,0
14228,0,0,0,0,0,0,0,0,0,0,0
14261,-1,-1,-1,-1,-1,-1,-1,-1,-1,-1,-1
14301,0,0,0,0,0,0,0,0,0,0,0
14302,-1,-1,-1,-1,-1,-1,-1,-1,0,-1,-1
14303,0,0,0,0,0,0,0,0,0,0,0
14304,0,0,0,0,0,0,0,0,0,0,0
14305,0,0,0,0,0,0,0,0,0,0,0
14411,0,0,0,0,0,0,0,0,0,0,0
14414,1,1,1,1,1,0,0,0,0,0,0
14415,0,0,0,0,0,-1,-1,-1,-1,-1,0
14416,1,1,1,1,0,0,0,0,0,1,1
14418,0,0,0,1,1,1,1,0,0,0,0
14420,1,1,1,1,0,0,0,0,0,0,0
14422,1,1,1,1,1,1,1,1,0,1,1
14423,1,1,1,1,0,0,0,0,0,0,0
14424,1,1,1,1,0,0,0,0,0,0,1
14425,1,1,1,1,1,1,1,1,0,0,1
14427,0,0,0,0,0,0,0,0,0,0,0
14428,1,1,1,1,1,1,1,1,1,1,1
14432,1,0,1,0,0,0,0,0,0,1,1
14433,0,0,0,0,0,0,0,0,0,0,0
14435,1,1,1,1,1,1,1,1,1,1,1
14437,0,0,0,0,0,0,0,0,0,0,0
14441,1,0,0,0,0,0,0,0,0,0,0
14445,0,0,0,0,0,0,0,0,0,0,0
14450,1,1,1,1,1,1,1,1,1,1,1
14454,1,0,0,0,0,0,0,0,0,0,0
14456,0,0,0,0,0,0,0,0,0,0,0
14462,1,1,0,0,0,0,0,1,1,1,1
14464,1,1,1,1,1,0,0,0,0,0,0
14466,1,1,1,1,1,1,1,1,1,1,1
14467,1,1,1,1,1,1,1,1,0,1,1
14468,1,1,1,1,1,1,1,1,1,1,1
14469,1,1,1,1,1,1,1,0,0,0,0
14470,1,1,0,0,0,0,0,0,0,0,0
14471,0,0,1,1,1,1,0,0,0,0,0
14472,1,1,1,1,1,1,1,1,1,1,1
14475,1,0,1,1,1,1,1,0,1,1,1
14476,1,1,1,1,0,0,0,0,0,1,1
14477,1,1,1,1,0,1,1,1,0,1,1
14478,0,0,0,1,1,1,1,1,1,1,1
14479,1,1,0,0,-1,0,0,1,0,1,1
14480,1,0,0,0,0,0,0,0,0,1,1
14481,1,1,1,1,0,0,0,0,0,1,1
14482,1,1,1,1,0,0,0,0,0,0,0
14485,1,0,0,0,0,0,0,0,0,0,0
14486,1,1,0,1,1,1,1,1,1,1,1
14487,1,1,1,1,1,1,1,1,1,1,1
14489,0,0,0,0,0,0,0,0,0,0,0
14502,1,1,1,1,1,1,1,1,1,1,1
14504,1,1,1,0,0,0,0,0,0,0,0
14505,1,1,1,1,1,1,1,0,0,0,0
14506,1,1,1,1,1,1,1,1,1,-1,0
14507,1,1,1,1,1,0,0,0,0,0,0
14510,0,0,0,0,0,0,0,0,0,0,0
14511,0,0,0,0,0,0,0,0,0,0,0
14512,1,1,0,0,0,0,0,0,0,0,0
14513,0,0,0,0,0,0,0,0,0,0,0
14514,1,1,1,1,1,1,1,1,0,1,1
14516,1,1,1,0,1,0,0,0,0,0,0
14517,0,0,0,0,0,0,0,0,0,0,0
14519,1,1,1,1,1,1,1,0,1,1,1
14521,0,0,0,0,0,0,0,0,0,0,0
14522,1,1,0,0,0,0,0,0,0,0,0
14525,1,1,1,1,1,1,1,1,1,1,1
14526,1,1,1,1,1,1,1,1,1,1,1
14527,0,0,0,0,0,0,0,0,0,0,0
14529,1,0,0,0,-1,-1,1,-1,-1,-1,-1
14530,0,0,0,0,0,0,0,0,0,0,0
14532,1,1,1,0,0,0,1,1,0,0,1
14533,1,1,1,1,1,0,0,0,0,0,0
14534,1,1,1,1,1,1,1,1,1,1,1
14536,1,0,0,0,0,0,0,0,0,0,0
14537,1,1,1,0,1,0,0,-1,-1,0,-1
14539,1,1,1,1,1,1,0,0,-1,-1,-1
14541,1,1,1,1,1,0,1,0,0,1,1
14542,1,1,1,1,-1,-1,-1,-1,0,0,-1
14543,1,1,1,1,1,1,1,1,1,1,1
14544,1,1,1,1,1,0,0,0,0,0,0
14545,1,1,1,1,1,0,1,0,0,1,1
14546,1,1,1,1,1,0,0,1,1,1,1
14548,1,1,1,1,0,0,1,0,0,0,1
14549,-1,1,-1,-1,0,0,-1,0,0,0,-1
14550,1,1,1,1,0,0,0,0,0,0,0
14551,0,0,0,0,0,0,0,0,0,0,0
14555,1,1,1,1,0,0,0,0,0,0,0
14559,1,1,1,1,1,1,1,1,1,1,1
14560,1,1,1,1,0,0,0,0,0,0,0
14561,1,1,1,1,1,1,1,1,1,1,1
14564,1,1,1,1,1,1,1,1,1,1,1
14568,1,1,1,1,1,1,1,1,1,1,1
14569,0,0,0,0,0,0,0,0,0,0,0
14571,1,1,1,1,0,0,0,0,0,0,1
14572,0,0,0,0,0,0,0,0,0,0,0
14580,1,1,1,1,1,1,1,1,1,1,1
14585,0,0,0,0,0,0,0,0,0,0,0
14586,1,1,1,1,1,1,1,1,1,1,1
14588,0,0,0,0,1,1,-1,1,1,-1,-1
14589,1,1,1,1,0,0,0,0,0,1,1
14590,0,0,0,0,0,0,0,0,0,0,0
14591,1,1,1,1,1,0,0,0,0,0,0
14592,1,1,1,1,1,1,0,0,1,-1,0
14604,0,0,0,0,0,0,0,0,0,1,0
14605,0,0,0,0,0,0,0,0,0,0,0
14606,0,0,0,0,0,0,0,0,0,0,0
14607,0,0,0,0,0,0,0,0,0,0,0
14608,0,0,0,0,0,0,0,0,0,0,0
14609,0,0,0,0,0,0,0,0,0,0,0
14610,1,1,1,1,1,1,1,1,0,0,1
14611,0,0,0,0,0,0,0,0,0,0,0
14612,1,1,1,1,1,1,0,0,0,0,1
14613,0,0,0,0,0,0,0,0,0,0,0
14614,-1,-1,0,-1,-1,-1,-1,1,0,-1,0
14615,0,0,0,0,0,0,0,0,0,0,0
14616,0,0,0,0,0,0,0,0,0,0,0
14617,1,1,1,1,1,1,1,1,1,1,1
14618,1,1,1,1,1,1,1,1,1,1,1
14619,0,0,0,0,0,0,0,0,0,0,0
14620,0,0,0,0,0,0,0,0,0,0,0
14621,0,0,0,0,0,0,0,0,0,0,0
14622,0,1,0,0,0,0,0,0,0,0,0
14623,0,0,0,0,0,0,0,0,0,0,0
14624,1,1,1,1,1,1,1,1,1,1,1
14625,1,1,1,1,1,1,1,1,1,1,1
14626,1,1,1,1,0,0,0,0,0,1,1
14627,-1,-1,-1,-1,-1,-1,-1,-1,-1,-1,-1
14701,0,0,0,0,0,0,0,0,0,0,0
14706,1,1,0,0,0,0,0,0,0,0,0
14707,0,0,0,0,1,0,1,0,0,0,0
14708,0,1,0,1,1,1,1,0,1,1,0
14709,0,0,0,0,0,0,0,0,0,0,0
14710,1,1,0,0,0,0,0,0,0,0,0
14711,0,0,0,0,0,0,0,0,0,0,0
14712,0,0,1,0,0,0,0,0,0,0,0
14714,0,0,0,0,0,0,0,0,0,1,1
14715,0,0,0,0,0,0,0,0,0,0,0
14716,0,0,0,0,0,0,0,0,0,0,0
14717,0,0,0,0,0,0,0,0,0,0,0
14718,1,1,1,1,1,0,0,0,0,0,0
14719,0,0,0,0,0,0,0,0,0,0,0
14720,0,0,0,0,0,0,0,0,0,0,0
14721,0,0,0,0,-1,-1,0,0,0,-1,0
14722,1,0,1,1,1,1,1,1,-1,-1,-1
14723,0,0,0,0,0,0,0,0,0,0,0
14724,0,0,0,0,0,0,0,0,0,0,0
14726,0,0,0,0,0,0,0,0,0,0,0
14727,0,0,0,0,0,0,0,0,0,0,0
14728,1,1,1,1,0,0,0,0,0,0,0
14729,0,0,1,0,0,1,1,0,0,0,0
14731,1,0,1,1,1,0,0,1,0,0,0
14732,0,0,1,1,0,0,0,0,0,0,0
14733,0,0,0,0,0,0,0,0,0,0,0
14735,0,0,0,0,0,0,0,0,0,0,0
14736,0,0,0,0,0,0,0,0,0,0,0
14737,0,0,0,0,0,0,0,0,0,0,0
14738,1,1,0,0,0,0,0,0,0,0,0
14739,0,0,0,0,0,0,0,0,0,0,0
14740,0,0,0,0,0,0,0,0,0,0,0
14741,1,1,1,1,0,0,0,0,0,0,0
14742,1,1,1,1,1,1,-1,1,-1,0,-1
14743,0,0,0,0,0,0,0,0,0,0,0
14744,1,0,0,0,0,0,0,0,0,1,1
14747,0,0,0,0,0,0,0,0,0,0,0
14748,0,0,0,0,0,0,0,0,0,0,0
14750,1,0,1,0,0,0,0,0,0,0,0
14752,1,0,0,0,-1,-1,-1,-1,-1,0,-1
14753,0,0,0,0,0,0,0,0,0,0,0
14754,0,0,0,0,0,0,0,0,0,0,0
14755,0,0,0,0,0,0,0,0,0,0,0
14756,-1,-1,-1,0,-1,0,0,0,-1,-1,-1
14757,0,0,0,0,0,0,0,0,0,0,0
14760,0,0,0,0,0,0,0,0,0,0,0
14767,0,0,0,0,0,0,0,0,0,0,0
14769,1,1,0,0,0,0,0,0,0,0,0
14770,0,0,0,1,0,0,0,0,0,0,0
14772,0,0,0,0,0,0,0,0,0,0,0
14774,0,0,0,0,0,1,0,1,0,-1,-1
14775,0,0,0,0,0,0,0,0,0,0,0
14777,0,0,0,0,0,0,0,0,0,0,0
14778,0,0,-1,-1,-1,-1,-1,-1,-1,-1,-1
14779,0,0,0,0,0,0,0,0,0,0,0
14781,0,0,0,0,0,0,0,0,0,0,0
14782,0,0,0,0,0,0,0,0,0,0,0
14783,0,0,0,0,0,0,0,0,0,0,0
14784,0,0,0,0,0,0,0,0,0,1,1
14787,0,0,0,0,0,0,0,0,0,0,0
14788,0,1,1,1,1,1,-1,-1,-1,-1,-1
14801,0,0,0,0,0,0,0,0,0,0,0
14802,0,0,0,0,0,0,0,0,0,0,0
14803,0,0,0,0,0,0,0,0,0,0,0
14804,1,1,1,1,0,0,0,0,0,1,1
14805,0,1,1,0,0,1,0,0,0,0,0
14806,0,0,0,0,0,0,0,0,0,0,0
14807,1,0,0,0,0,0,0,0,0,0,0
14808,0,0,0,0,0,0,0,0,0,0,1
14809,0,0,0,0,0,0,0,0,0,0,0
14810,0,0,0,0,0,0,0,0,0,0,0
14812,1,1,1,1,1,0,0,0,0,0,0
14813,0,0,0,0,0,0,0,0,0,0,0
14814,1,1,1,1,1,1,1,1,1,1,1
14815,0,0,0,0,0,0,0,0,0,0,0
14816,1,1,0,0,0,0,1,1,0,0,-1
14817,1,1,1,1,0,0,0,0,0,0,1
14818,0,0,0,1,0,0,0,0,0,1,1
14819,0,0,0,0,0,0,0,0,0,0,0
14820,1,0,0,0,0,0,0,0,0,0,0
14821,1,0,0,0,0,0,0,0,0,0,0
14822,0,0,0,0,0,0,0,0,0,0,0
14823,0,0,0,0,0,0,0,0,0,0,0
14824,1,1,1,1,0,0,0,0,0,0,0
14825,1,0,1,0,1,0,1,1,1,1,1
14826,1,1,0,0,0,0,0,0,0,0,0
14827,0,1,0,0,-1,0,1,1,0,0,1
14830,0,0,0,0,0,0,0,0,0,0,0
14836,0,1,0,1,1,1,1,1,1,0,0
14837,0,0,0,0,0,0,0,0,0,0,0
14838,0,0,1,1,0,0,0,0,0,1,0
14839,0,0,0,0,0,0,0,0,0,0,1
14840,0,1,0,0,0,0,0,0,0,0,0
14841,0,1,1,1,1,1,0,1,-1,0,0
14842,1,1,1,1,0,0,0,0,0,0,0
14843,0,0,0,0,0,0,0,0,0,0,0
14845,1,1,1,1,1,1,1,1,0,0,0
14846,0,0,0,0,0,0,0,0,0,0,0
14847,0,0,0,0,0,0,0,0,0,0,0
14850,0,0,0,0,0,0,0,0,0,0,0
14853,-1,-1,-1,-1,-1,-1,-1,-1,-1,-1,-1
14854,-1,-1,-1,-1,-1,-1,-1,-1,-1,-1,-1
14855,0,0,0,0,0,0,0,0,0,0,0
14856,0,0,0,0,-1,-1,-1,0,0,-1,-1
14858,0,1,0,1,0,0,0,0,0,1,0
14859,0,0,0,0,0,1,0,0,0,0,0
14860,0,0,1,0,0,0,0,0,0,0,0
14861,0,0,0,0,0,0,0,0,0,0,0
14864,0,0,1,0,1,1,0,0,1,0,0
14865,0,0,0,0,0,0,0,0,0,0,0
14867,0,0,0,1,0,0,1,0,0,0,0
14869,0,0,0,0,0,0,0,0,0,0,0
14870,1,1,1,1,1,1,1,0,0,1,1
14871,1,1,1,1,1,1,1,0,1,0,0
14872,0,0,0,0,0,0,0,0,0,1,0
14873,0,0,0,0,0,0,0,0,0,0,0
14874,0,0,0,0,0,0,0,0,0,0,1
14877,0,0,0,0,0,0,0,0,0,0,0
14878,1,1,1,1,1,0,1,1,1,1,1
14879,0,0,0,0,0,0,0,0,0,0,0
14880,0,0,0,0,0,0,0,0,0,0,0
14881,0,0,0,1,-1,1,1,1,1,1,1
14882,1,1,1,1,1,1,1,1,1,1,1
14883,1,1,0,0,0,0,0,0,0,0,0
14884,0,0,0,0,0,0,0,0,0,0,0
14885,0,0,0,0,0,0,0,0,0,0,0
14886,1,1,1,1,1,1,1,1,0,0,0
14889,0,0,0,0,0,0,0,0,0,0,0
14891,0,0,0,0,0,0,0,0,0,0,0
14892,0,0,0,0,0,0,0,0,0,0,0
14893,-1,-1,-1,-1,-1,-1,-1,-1,-1,-1,-1
14894,0,0,0,0,0,0,0,0,0,0,0
14895,0,0,0,0,0,0,0,0,0,0,0
14897,0,0,0,0,0,0,0,0,0,0,0
14898,0,0,0,0,0,0,0,0,0,0,0
14901,0,0,0,0,0,0,0,0,0,0,0
14903,0,0,0,0,0,0,0,0,0,0,0
14904,0,0,0,0,0,0,0,0,0,0,0
14905,1,1,1,1,1,0,0,0,0,0,1
